CustomerID,Recency,Frequency,Monetary,Cluster_KMeans,Cluster_Hierarchical,Cluster_DBSCAN,Customer Type
CUST3014,125,1,4818.9,0,2,0,High-Value Customers
CUST3040,124,1,4753.06,0,2,0,High-Value Customers
CUST3044,124,1,4698.36,0,2,0,High-Value Customers
CUST3055,123,1,4674.72,0,2,0,High-Value Customers
CUST3057,123,1,4725.9,0,2,0,High-Value Customers
CUST3065,123,1,4865.04,0,2,0,High-Value Customers
CUST3067,123,1,4783.6,0,2,0,High-Value Customers
CUST3078,122,1,3675.68,0,2,0,High-Value Customers
CUST3089,122,1,3551.7599999999998,0,2,0,High-Value Customers
CUST3099,121,1,4781.25,0,2,0,High-Value Customers
CUST3100,121,1,3630.25,0,2,0,High-Value Customers
CUST3121,120,1,4617.2,0,2,0,High-Value Customers
CUST3123,120,1,6012.18,0,2,0,High-Value Customers
CUST3133,120,1,3792.0,0,2,0,High-Value Customers
CUST3148,119,1,4162.7699999999995,0,2,0,High-Value Customers
CUST3163,119,1,4322.360000000001,0,2,0,High-Value Customers
CUST3168,118,1,3605.36,0,2,0,High-Value Customers
CUST3170,118,1,4627.38,0,2,0,High-Value Customers
CUST3178,118,1,5652.64,0,2,0,High-Value Customers
CUST3181,118,1,3957.9399999999996,0,2,0,High-Value Customers
CUST3184,118,1,3992.2499999999995,0,2,0,High-Value Customers
CUST3187,118,1,3760.35,0,2,0,High-Value Customers
CUST3188,118,1,3861.2000000000003,0,2,0,High-Value Customers
CUST3189,118,1,3734.76,0,2,0,High-Value Customers
CUST3191,118,1,4640.400000000001,0,2,0,High-Value Customers
CUST3192,117,1,5991.84,0,2,0,High-Value Customers
CUST3208,117,1,4620.28,0,2,0,High-Value Customers
CUST3214,117,1,4669.8,0,2,0,High-Value Customers
CUST3217,116,1,4470.18,0,2,0,High-Value Customers
CUST3232,116,1,4096.4,0,2,0,High-Value Customers
CUST3235,116,1,5694.900000000001,0,2,0,High-Value Customers
CUST3236,116,1,3790.2000000000003,0,2,0,High-Value Customers
CUST3238,116,1,5735.5199999999995,0,2,0,High-Value Customers
CUST3240,115,1,4017.55,0,2,0,High-Value Customers
CUST3241,115,1,3792.54,0,2,0,High-Value Customers
CUST3248,115,1,3775.2,0,2,0,High-Value Customers
CUST3253,115,1,4470.84,0,2,0,High-Value Customers
CUST3263,115,1,5718.240000000001,0,2,0,High-Value Customers
CUST3267,114,1,5921.82,0,2,0,High-Value Customers
CUST3269,114,1,5536.62,0,2,0,High-Value Customers
CUST3275,114,1,5684.849999999999,0,2,0,High-Value Customers
CUST3279,114,1,3491.32,0,2,0,High-Value Customers
CUST3281,114,1,5507.28,0,2,0,High-Value Customers
CUST3294,113,1,4080.25,0,2,0,High-Value Customers
CUST3300,113,1,4893.139999999999,0,2,0,High-Value Customers
CUST3301,113,1,5758.62,0,2,0,High-Value Customers
CUST3302,113,1,5269.2,0,2,0,High-Value Customers
CUST3308,113,1,3858.0,0,2,0,High-Value Customers
CUST3309,113,1,5461.82,0,2,0,High-Value Customers
CUST3311,113,1,3730.72,0,2,0,High-Value Customers
CUST3313,112,1,5612.88,0,2,0,High-Value Customers
CUST3315,112,1,4750.35,0,2,0,High-Value Customers
CUST3318,112,1,3965.1499999999996,0,2,0,High-Value Customers
CUST3319,112,1,3973.5800000000004,0,2,0,High-Value Customers
CUST3324,112,1,6413.4,0,2,0,High-Value Customers
CUST3334,112,1,5629.76,0,2,0,High-Value Customers
CUST3342,111,1,4283.4,0,2,0,High-Value Customers
CUST3349,111,1,6392.789999999999,0,2,0,High-Value Customers
CUST3352,111,1,6141.33,0,2,0,High-Value Customers
CUST3360,110,1,6107.08,0,2,0,High-Value Customers
CUST3364,110,1,4503.18,0,2,0,High-Value Customers
CUST3365,110,1,6315.52,0,2,0,High-Value Customers
CUST3371,110,1,5393.08,0,2,0,High-Value Customers
CUST3375,110,1,4392.18,0,2,0,High-Value Customers
CUST3397,109,1,4868.6,0,2,0,High-Value Customers
CUST3399,109,1,4608.5,0,2,0,High-Value Customers
CUST3400,109,1,5729.34,0,2,0,High-Value Customers
CUST3403,109,1,5513.4,0,2,0,High-Value Customers
CUST3410,108,1,4331.46,0,2,0,High-Value Customers
CUST3424,108,1,5909.49,0,2,0,High-Value Customers
CUST3426,108,1,5277.5,0,2,0,High-Value Customers
CUST3429,108,1,4020.7999999999997,0,2,0,High-Value Customers
CUST3430,108,1,4396.4,0,2,0,High-Value Customers
CUST3448,107,1,5673.0,0,2,0,High-Value Customers
CUST3455,107,1,3799.07,0,2,0,High-Value Customers
CUST3456,106,1,4032.23,0,2,0,High-Value Customers
CUST3457,106,1,4389.95,0,2,0,High-Value Customers
CUST3475,106,1,5502.799999999999,0,2,0,High-Value Customers
CUST3476,106,1,6228.64,0,2,0,High-Value Customers
CUST3485,105,1,5090.259999999999,0,2,0,High-Value Customers
CUST3490,105,1,3732.48,0,2,0,High-Value Customers
CUST3491,105,1,4149.0,0,2,0,High-Value Customers
