CustomerID,Recency,Frequency,Monetary,Cluster_KMeans,Cluster_Hierarchical,Cluster_DBSCAN,Customer Type
CUST1002,209,1,2878.08,0,3,0,Loyal Customers (VIP)
CUST1004,209,1,312.29,0,3,0,Loyal Customers (VIP)
CUST1008,208,1,2273.73,0,3,0,Loyal Customers (VIP)
CUST1011,208,1,1836.36,0,3,0,Loyal Customers (VIP)
CUST1013,208,1,204.64,0,3,0,Loyal Customers (VIP)
CUST1015,208,1,2213.7599999999998,0,3,0,Loyal Customers (VIP)
CUST1017,208,1,55.7,0,3,0,Loyal Customers (VIP)
CUST1018,208,1,1718.7,0,3,0,Loyal Customers (VIP)
CUST1019,208,1,3674.5199999999995,0,3,0,Loyal Customers (VIP)
CUST1020,208,1,749.76,0,3,0,Loyal Customers (VIP)
CUST1021,208,1,3045.96,0,3,0,Loyal Customers (VIP)
CUST1022,208,1,3111.93,0,3,0,Loyal Customers (VIP)
CUST1024,208,1,3987.18,0,3,0,Loyal Customers (VIP)
CUST1025,208,1,736.95,0,3,0,Loyal Customers (VIP)
CUST1027,208,1,4083.12,0,3,0,Loyal Customers (VIP)
CUST1028,208,1,1060.32,0,3,0,Loyal Customers (VIP)
CUST1029,208,1,235.61,0,3,0,Loyal Customers (VIP)
CUST1030,208,1,2392.6,0,3,0,Loyal Customers (VIP)
CUST1031,208,1,902.85,0,3,0,Loyal Customers (VIP)
CUST1032,207,1,601.28,0,3,0,Loyal Customers (VIP)
CUST1033,207,1,760.71,0,3,0,Loyal Customers (VIP)
CUST1034,207,1,1322.26,0,3,0,Loyal Customers (VIP)
CUST1040,207,1,1597.62,0,3,0,Loyal Customers (VIP)
CUST1042,207,1,526.24,0,3,0,Loyal Customers (VIP)
CUST1043,207,1,2725.56,0,3,0,Loyal Customers (VIP)
CUST1044,207,1,3066.2,0,3,0,Loyal Customers (VIP)
CUST1047,207,1,2540.48,0,3,0,Loyal Customers (VIP)
CUST1048,207,1,737.28,0,3,0,Loyal Customers (VIP)
CUST1049,207,1,3847.8500000000004,0,3,0,Loyal Customers (VIP)
CUST1051,207,1,2977.76,0,3,0,Loyal Customers (VIP)
CUST1052,207,1,2720.6200000000003,0,3,0,Loyal Customers (VIP)
CUST1053,207,1,2158.96,0,3,0,Loyal Customers (VIP)
CUST1056,206,1,1711.6999999999998,0,3,0,Loyal Customers (VIP)
CUST1060,206,1,1482.3899999999999,0,3,0,Loyal Customers (VIP)
CUST1061,206,1,807.16,0,3,0,Loyal Customers (VIP)
CUST1063,206,1,3185.92,0,3,0,Loyal Customers (VIP)
CUST1064,206,1,1025.76,0,3,0,Loyal Customers (VIP)
CUST1065,206,1,865.4000000000001,0,3,0,Loyal Customers (VIP)
CUST1066,206,1,640.03,0,3,0,Loyal Customers (VIP)
CUST1067,206,1,3016.0,0,3,0,Loyal Customers (VIP)
CUST1068,206,1,1044.75,0,3,0,Loyal Customers (VIP)
CUST1070,206,1,348.38,0,3,0,Loyal Customers (VIP)
CUST1071,206,1,120.33000000000001,0,3,0,Loyal Customers (VIP)
CUST1073,206,1,3097.1899999999996,0,3,0,Loyal Customers (VIP)
CUST1075,206,1,2266.65,0,3,0,Loyal Customers (VIP)
CUST1076,206,1,1192.06,0,3,0,Loyal Customers (VIP)
CUST1079,206,1,3437.2,0,3,0,Loyal Customers (VIP)
CUST1080,205,1,2540.31,0,3,0,Loyal Customers (VIP)
CUST1081,205,1,2096.61,0,3,0,Loyal Customers (VIP)
CUST1082,205,1,326.34,0,3,0,Loyal Customers (VIP)
CUST1088,205,1,247.64,0,3,0,Loyal Customers (VIP)
CUST1089,205,1,143.71,0,3,0,Loyal Customers (VIP)
CUST1091,205,1,737.02,0,3,0,Loyal Customers (VIP)
CUST1092,205,1,3830.0,0,3,0,Loyal Customers (VIP)
CUST1101,205,1,375.92,0,3,0,Loyal Customers (VIP)
CUST1102,205,1,569.49,0,3,0,Loyal Customers (VIP)
CUST1103,205,1,3775.86,0,3,0,Loyal Customers (VIP)
CUST1105,204,1,2921.45,0,3,0,Loyal Customers (VIP)
CUST1106,204,1,2934.88,0,3,0,Loyal Customers (VIP)
CUST1111,204,1,3538.56,0,3,0,Loyal Customers (VIP)
CUST1112,204,1,260.4,0,3,0,Loyal Customers (VIP)
CUST1113,204,1,3705.2400000000002,0,3,0,Loyal Customers (VIP)
CUST1114,204,1,394.95,0,3,0,Loyal Customers (VIP)
CUST1116,204,1,2895.4,0,3,0,Loyal Customers (VIP)
CUST1117,204,1,235.13000000000002,0,3,0,Loyal Customers (VIP)
CUST1118,204,1,1210.96,0,3,0,Loyal Customers (VIP)
CUST1121,204,1,442.16,0,3,0,Loyal Customers (VIP)
CUST1124,204,1,2498.56,0,3,0,Loyal Customers (VIP)
CUST1125,204,1,2587.84,0,3,0,Loyal Customers (VIP)
CUST1126,204,1,1779.1799999999998,0,3,0,Loyal Customers (VIP)
CUST1127,204,1,3548.05,0,3,0,Loyal Customers (VIP)
CUST1130,203,1,1611.54,0,3,0,Loyal Customers (VIP)
CUST1131,203,1,960.63,0,3,0,Loyal Customers (VIP)
CUST1133,203,1,1196.79,0,3,0,Loyal Customers (VIP)
CUST1135,203,1,1653.7600000000002,0,3,0,Loyal Customers (VIP)
CUST1141,203,1,989.06,0,3,0,Loyal Customers (VIP)
CUST1142,203,1,1982.75,0,3,0,Loyal Customers (VIP)
CUST1145,203,1,2878.28,0,3,0,Loyal Customers (VIP)
CUST1146,203,1,226.62,0,3,0,Loyal Customers (VIP)
CUST1147,203,1,1787.5900000000001,0,3,0,Loyal Customers (VIP)
CUST1152,202,1,1463.93,0,3,0,Loyal Customers (VIP)
CUST1153,202,1,613.29,0,3,0,Loyal Customers (VIP)
CUST1154,202,1,2587.2000000000003,0,3,0,Loyal Customers (VIP)
CUST1155,202,1,1623.08,0,3,0,Loyal Customers (VIP)
CUST1157,202,1,2543.52,0,3,0,Loyal Customers (VIP)
CUST1158,202,1,757.5,0,3,0,Loyal Customers (VIP)
CUST1159,202,1,302.16,0,3,0,Loyal Customers (VIP)
CUST1160,202,1,171.99,0,3,0,Loyal Customers (VIP)
CUST1163,202,1,1385.76,0,3,0,Loyal Customers (VIP)
CUST1166,202,1,1662.2,0,3,0,Loyal Customers (VIP)
CUST1168,202,1,2636.3999999999996,0,3,0,Loyal Customers (VIP)
CUST1169,202,1,2933.04,0,3,0,Loyal Customers (VIP)
CUST1170,202,1,1335.8700000000001,0,3,0,Loyal Customers (VIP)
CUST1174,202,1,1045.77,0,3,0,Loyal Customers (VIP)
CUST1176,201,1,1565.0,0,3,0,Loyal Customers (VIP)
CUST1177,201,1,1241.08,0,3,0,Loyal Customers (VIP)
CUST1179,201,1,585.3,0,3,0,Loyal Customers (VIP)
CUST1180,201,1,3074.44,0,3,0,Loyal Customers (VIP)
CUST1181,201,1,1192.7,0,3,0,Loyal Customers (VIP)
CUST1183,201,1,1418.54,0,3,0,Loyal Customers (VIP)
CUST1185,201,1,2562.3,0,3,0,Loyal Customers (VIP)
CUST1188,201,1,3367.75,0,3,0,Loyal Customers (VIP)
CUST1189,201,1,23.24,0,3,0,Loyal Customers (VIP)
CUST1190,201,1,1170.2,0,3,0,Loyal Customers (VIP)
CUST1194,201,1,175.16,0,3,0,Loyal Customers (VIP)
CUST1195,201,1,3873.69,0,3,0,Loyal Customers (VIP)
CUST1197,201,1,65.84,0,3,0,Loyal Customers (VIP)
CUST1198,201,1,2154.68,0,3,0,Loyal Customers (VIP)
CUST1199,201,1,1907.78,0,3,0,Loyal Customers (VIP)
CUST1200,200,1,3323.94,0,3,0,Loyal Customers (VIP)
CUST1204,200,1,3992.47,0,3,0,Loyal Customers (VIP)
CUST1205,200,1,1648.48,0,3,0,Loyal Customers (VIP)
CUST1207,200,1,414.6,0,3,0,Loyal Customers (VIP)
CUST1209,200,1,1969.5,0,3,0,Loyal Customers (VIP)
CUST1210,200,1,1950.72,0,3,0,Loyal Customers (VIP)
CUST1213,200,1,3752.7000000000003,0,3,0,Loyal Customers (VIP)
CUST1214,200,1,487.26,0,3,0,Loyal Customers (VIP)
CUST1217,200,1,252.42,0,3,0,Loyal Customers (VIP)
CUST1222,200,1,3228.4799999999996,0,3,0,Loyal Customers (VIP)
CUST1226,199,1,542.4,0,3,0,Loyal Customers (VIP)
CUST1228,199,1,3660.37,0,3,0,Loyal Customers (VIP)
CUST1229,199,1,4013.64,0,3,0,Loyal Customers (VIP)
CUST1233,199,1,2409.8,0,3,0,Loyal Customers (VIP)
CUST1236,199,1,1008.52,0,3,0,Loyal Customers (VIP)
CUST1238,199,1,1348.8999999999999,0,3,0,Loyal Customers (VIP)
CUST1239,199,1,1399.3799999999999,0,3,0,Loyal Customers (VIP)
CUST1243,199,1,3247.12,0,3,0,Loyal Customers (VIP)
CUST1246,199,1,239.96,0,3,0,Loyal Customers (VIP)
CUST1250,198,1,50.68,0,3,0,Loyal Customers (VIP)
CUST1251,198,1,2609.2200000000003,0,3,0,Loyal Customers (VIP)
CUST1252,198,1,1525.56,0,3,0,Loyal Customers (VIP)
CUST1253,198,1,1952.4900000000002,0,3,0,Loyal Customers (VIP)
CUST1255,198,1,2656.85,0,3,0,Loyal Customers (VIP)
CUST1257,198,1,2684.28,0,3,0,Loyal Customers (VIP)
CUST1259,198,1,4126.38,0,3,0,Loyal Customers (VIP)
CUST1260,198,1,2945.25,0,3,0,Loyal Customers (VIP)
CUST1263,198,1,3746.42,0,3,0,Loyal Customers (VIP)
CUST1267,198,1,1318.64,0,3,0,Loyal Customers (VIP)
CUST1275,197,1,257.0,0,3,0,Loyal Customers (VIP)
CUST1278,197,1,100.97,0,3,0,Loyal Customers (VIP)
CUST1281,197,1,2408.24,0,3,0,Loyal Customers (VIP)
CUST1282,197,1,1844.76,0,3,0,Loyal Customers (VIP)
CUST1283,197,1,1440.9,0,3,0,Loyal Customers (VIP)
CUST1284,197,1,3219.48,0,3,0,Loyal Customers (VIP)
CUST1285,197,1,1698.9299999999998,0,3,0,Loyal Customers (VIP)
CUST1286,197,1,3222.0,0,3,0,Loyal Customers (VIP)
CUST1287,197,1,1532.4399999999998,0,3,0,Loyal Customers (VIP)
CUST1288,197,1,392.0,0,3,0,Loyal Customers (VIP)
CUST1290,197,1,232.0,0,3,0,Loyal Customers (VIP)
CUST1291,197,1,297.09,0,3,0,Loyal Customers (VIP)
CUST1292,197,1,2422.2,0,3,0,Loyal Customers (VIP)
CUST1294,197,1,2364.83,0,3,0,Loyal Customers (VIP)
CUST1300,196,1,753.0,0,3,0,Loyal Customers (VIP)
CUST1302,196,1,421.05,0,3,0,Loyal Customers (VIP)
CUST1303,196,1,1372.92,0,3,0,Loyal Customers (VIP)
CUST1307,196,1,500.28,0,3,0,Loyal Customers (VIP)
CUST1309,196,1,3161.3999999999996,0,3,0,Loyal Customers (VIP)
CUST1312,196,1,1095.6999999999998,0,3,0,Loyal Customers (VIP)
CUST1313,196,1,1711.64,0,3,0,Loyal Customers (VIP)
CUST1314,196,1,126.53999999999999,0,3,0,Loyal Customers (VIP)
CUST1315,196,1,3319.16,0,3,0,Loyal Customers (VIP)
CUST1322,195,1,3940.4,0,3,0,Loyal Customers (VIP)
CUST1324,195,1,3136.77,0,3,0,Loyal Customers (VIP)
CUST1326,195,1,3896.44,0,3,0,Loyal Customers (VIP)
CUST1327,195,1,782.28,0,3,0,Loyal Customers (VIP)
CUST1328,195,1,3056.6,0,3,0,Loyal Customers (VIP)
CUST1329,195,1,1983.96,0,3,0,Loyal Customers (VIP)
CUST1330,195,1,948.31,0,3,0,Loyal Customers (VIP)
CUST1333,195,1,1818.1999999999998,0,3,0,Loyal Customers (VIP)
CUST1335,195,1,3084.1000000000004,0,3,0,Loyal Customers (VIP)
CUST1341,195,1,3577.92,0,3,0,Loyal Customers (VIP)
CUST1342,195,1,3503.4,0,3,0,Loyal Customers (VIP)
CUST1343,195,1,885.03,0,3,0,Loyal Customers (VIP)
CUST1344,194,1,776.78,0,3,0,Loyal Customers (VIP)
CUST1345,194,1,1314.76,0,3,0,Loyal Customers (VIP)
CUST1347,194,1,804.6600000000001,0,3,0,Loyal Customers (VIP)
CUST1349,194,1,545.37,0,3,0,Loyal Customers (VIP)
CUST1350,194,1,2499.7000000000003,0,3,0,Loyal Customers (VIP)
CUST1351,194,1,2279.16,0,3,0,Loyal Customers (VIP)
CUST1352,194,1,168.21,0,3,0,Loyal Customers (VIP)
CUST1353,194,1,937.82,0,3,0,Loyal Customers (VIP)
CUST1354,194,1,2342.0,0,3,0,Loyal Customers (VIP)
CUST1355,194,1,1488.3,0,3,0,Loyal Customers (VIP)
CUST1358,194,1,597.31,0,3,0,Loyal Customers (VIP)
CUST1359,194,1,293.6,0,3,0,Loyal Customers (VIP)
CUST1361,194,1,2752.6,0,3,0,Loyal Customers (VIP)
CUST1362,194,1,634.7800000000001,0,3,0,Loyal Customers (VIP)
CUST1363,194,1,187.88,0,3,0,Loyal Customers (VIP)
CUST1366,194,1,1401.8,0,3,0,Loyal Customers (VIP)
CUST1367,194,1,1967.68,0,3,0,Loyal Customers (VIP)
CUST1369,193,1,1804.5,0,3,0,Loyal Customers (VIP)
CUST1370,193,1,1737.9,0,3,0,Loyal Customers (VIP)
CUST1371,193,1,597.87,0,3,0,Loyal Customers (VIP)
CUST1373,193,1,2369.25,0,3,0,Loyal Customers (VIP)
CUST1374,193,1,196.2,0,3,0,Loyal Customers (VIP)
CUST1375,193,1,287.46000000000004,0,3,0,Loyal Customers (VIP)
CUST1377,193,1,1470.6000000000001,0,3,0,Loyal Customers (VIP)
CUST1379,193,1,3394.24,0,3,0,Loyal Customers (VIP)
CUST1382,193,1,2420.32,0,3,0,Loyal Customers (VIP)
CUST1383,193,1,1993.44,0,3,0,Loyal Customers (VIP)
CUST1385,193,1,1957.5,0,3,0,Loyal Customers (VIP)
CUST1386,193,1,1389.06,0,3,0,Loyal Customers (VIP)
CUST1388,193,1,2569.6,0,3,0,Loyal Customers (VIP)
CUST1389,193,1,260.82,0,3,0,Loyal Customers (VIP)
CUST1390,193,1,2516.92,0,3,0,Loyal Customers (VIP)
CUST1393,192,1,833.84,0,3,0,Loyal Customers (VIP)
CUST1394,192,1,4356.42,0,3,0,Loyal Customers (VIP)
CUST1396,192,1,3775.7999999999997,0,3,0,Loyal Customers (VIP)
CUST1398,192,1,1070.1000000000001,0,3,0,Loyal Customers (VIP)
CUST1402,192,1,3595.92,0,3,0,Loyal Customers (VIP)
CUST1407,192,1,1088.08,0,3,0,Loyal Customers (VIP)
CUST1408,192,1,1487.8799999999999,0,3,0,Loyal Customers (VIP)
CUST1411,192,1,1351.1299999999999,0,3,0,Loyal Customers (VIP)
CUST1413,192,1,1190.21,0,3,0,Loyal Customers (VIP)
CUST1416,191,1,736.54,0,3,0,Loyal Customers (VIP)
CUST1417,191,1,4147.66,0,3,0,Loyal Customers (VIP)
CUST1418,191,1,916.04,0,3,0,Loyal Customers (VIP)
CUST1424,191,1,1300.14,0,3,0,Loyal Customers (VIP)
CUST1425,191,1,972.32,0,3,0,Loyal Customers (VIP)
CUST1426,191,1,1520.4499999999998,0,3,0,Loyal Customers (VIP)
CUST1427,191,1,250.64,0,3,0,Loyal Customers (VIP)
CUST1428,191,1,4070.25,0,3,0,Loyal Customers (VIP)
CUST1430,191,1,1864.3000000000002,0,3,0,Loyal Customers (VIP)
CUST1431,191,1,1987.3500000000001,0,3,0,Loyal Customers (VIP)
CUST1433,191,1,985.84,0,3,0,Loyal Customers (VIP)
CUST1434,191,1,3102.1200000000003,0,3,0,Loyal Customers (VIP)
CUST1435,191,1,1493.04,0,3,0,Loyal Customers (VIP)
CUST1436,191,1,965.5,0,3,0,Loyal Customers (VIP)
CUST1437,191,1,371.67,0,3,0,Loyal Customers (VIP)
CUST1439,191,1,1694.44,0,3,0,Loyal Customers (VIP)
CUST1440,190,1,2979.75,0,3,0,Loyal Customers (VIP)
CUST1441,190,1,3365.0,0,3,0,Loyal Customers (VIP)
CUST1443,190,1,2836.99,0,3,0,Loyal Customers (VIP)
CUST1445,190,1,3802.8899999999994,0,3,0,Loyal Customers (VIP)
CUST1447,190,1,2165.0,0,3,0,Loyal Customers (VIP)
CUST1448,190,1,1054.65,0,3,0,Loyal Customers (VIP)
CUST1449,190,1,2531.1299999999997,0,3,0,Loyal Customers (VIP)
CUST1451,190,1,560.35,0,3,0,Loyal Customers (VIP)
CUST1452,190,1,552.33,0,3,0,Loyal Customers (VIP)
CUST1454,190,1,1933.45,0,3,0,Loyal Customers (VIP)
CUST1455,190,1,1259.4,0,3,0,Loyal Customers (VIP)
CUST1456,190,1,1748.6000000000001,0,3,0,Loyal Customers (VIP)
CUST1460,190,1,4219.9,0,3,0,Loyal Customers (VIP)
CUST1461,190,1,2738.85,0,3,0,Loyal Customers (VIP)
CUST1462,190,1,1680.24,0,3,0,Loyal Customers (VIP)
CUST1463,190,1,3859.4,0,3,0,Loyal Customers (VIP)
CUST1465,189,1,280.4,0,3,0,Loyal Customers (VIP)
CUST1466,189,1,141.35,0,3,0,Loyal Customers (VIP)
CUST1467,189,1,2677.07,0,3,0,Loyal Customers (VIP)
CUST1470,189,1,3997.91,0,3,0,Loyal Customers (VIP)
CUST1471,189,1,556.92,0,3,0,Loyal Customers (VIP)
CUST1472,189,1,902.14,0,3,0,Loyal Customers (VIP)
CUST1474,189,1,1247.84,0,3,0,Loyal Customers (VIP)
CUST1476,189,1,1854.72,0,3,0,Loyal Customers (VIP)
CUST1477,189,1,1606.76,0,3,0,Loyal Customers (VIP)
CUST1481,189,1,789.88,0,3,0,Loyal Customers (VIP)
CUST1482,189,1,3213.9,0,3,0,Loyal Customers (VIP)
CUST1483,189,1,3999.0999999999995,0,3,0,Loyal Customers (VIP)
CUST1486,189,1,1841.24,0,3,0,Loyal Customers (VIP)
CUST1487,189,1,722.34,0,3,0,Loyal Customers (VIP)
CUST1488,188,1,1553.91,0,3,0,Loyal Customers (VIP)
CUST1489,188,1,48.81,0,3,0,Loyal Customers (VIP)
CUST1490,188,1,3295.08,0,3,0,Loyal Customers (VIP)
CUST1492,188,1,2079.1800000000003,0,3,0,Loyal Customers (VIP)
CUST1494,188,1,1477.48,0,3,0,Loyal Customers (VIP)
CUST1498,188,1,3118.74,0,3,0,Loyal Customers (VIP)
CUST1499,188,1,2124.0,0,3,0,Loyal Customers (VIP)
CUST1502,188,1,2649.3,0,3,0,Loyal Customers (VIP)
CUST1503,188,1,518.45,0,3,0,Loyal Customers (VIP)
CUST1509,188,1,558.13,0,3,0,Loyal Customers (VIP)
CUST1510,188,1,390.24,0,3,0,Loyal Customers (VIP)
CUST1514,187,1,1076.67,0,3,0,Loyal Customers (VIP)
CUST1516,187,1,3070.08,0,3,0,Loyal Customers (VIP)
CUST1517,187,1,832.92,0,3,0,Loyal Customers (VIP)
CUST1520,187,1,294.18,0,3,0,Loyal Customers (VIP)
CUST1521,187,1,1294.88,0,3,0,Loyal Customers (VIP)
CUST1522,187,1,2983.47,0,3,0,Loyal Customers (VIP)
CUST1525,187,1,1148.6899999999998,0,3,0,Loyal Customers (VIP)
CUST1527,187,1,874.94,0,3,0,Loyal Customers (VIP)
CUST1529,187,1,1788.74,0,3,0,Loyal Customers (VIP)
CUST1530,187,1,3828.57,0,3,0,Loyal Customers (VIP)
CUST1531,187,1,1843.41,0,3,0,Loyal Customers (VIP)
CUST1532,187,1,253.52,0,3,0,Loyal Customers (VIP)
CUST1533,187,1,1586.35,0,3,0,Loyal Customers (VIP)
CUST1535,187,1,1458.44,0,3,0,Loyal Customers (VIP)
CUST1536,186,1,3390.44,0,3,0,Loyal Customers (VIP)
CUST1537,186,1,641.9,0,3,0,Loyal Customers (VIP)
CUST1538,186,1,1360.2,0,3,0,Loyal Customers (VIP)
CUST1539,186,1,2799.5,0,3,0,Loyal Customers (VIP)
CUST1540,186,1,469.63,0,3,0,Loyal Customers (VIP)
CUST1544,186,1,1893.9900000000002,0,3,0,Loyal Customers (VIP)
CUST1546,186,1,862.86,0,3,0,Loyal Customers (VIP)
CUST1547,186,1,2670.7999999999997,0,3,0,Loyal Customers (VIP)
CUST1548,186,1,1936.16,0,3,0,Loyal Customers (VIP)
CUST1549,186,1,2574.0,0,3,0,Loyal Customers (VIP)
CUST1550,186,1,1945.6799999999998,0,3,0,Loyal Customers (VIP)
CUST1551,186,1,36.12,0,3,0,Loyal Customers (VIP)
CUST1553,186,1,2539.6299999999997,0,3,0,Loyal Customers (VIP)
CUST1557,186,1,4099.75,0,3,0,Loyal Customers (VIP)
CUST1559,186,1,909.43,0,3,0,Loyal Customers (VIP)
CUST1560,185,1,554.5,0,3,0,Loyal Customers (VIP)
CUST1561,185,1,2887.86,0,3,0,Loyal Customers (VIP)
CUST1563,185,1,4210.96,0,3,0,Loyal Customers (VIP)
CUST1564,185,1,3641.4000000000005,0,3,0,Loyal Customers (VIP)
CUST1567,185,1,849.24,0,3,0,Loyal Customers (VIP)
CUST1569,185,1,1405.69,0,3,0,Loyal Customers (VIP)
CUST1570,185,1,546.16,0,3,0,Loyal Customers (VIP)
CUST1573,185,1,867.34,0,3,0,Loyal Customers (VIP)
CUST1574,185,1,1899.42,0,3,0,Loyal Customers (VIP)
CUST1577,185,1,3806.1000000000004,0,3,0,Loyal Customers (VIP)
CUST1578,185,1,741.5799999999999,0,3,0,Loyal Customers (VIP)
CUST1579,185,1,3378.7200000000003,0,3,0,Loyal Customers (VIP)
CUST1580,185,1,411.36,0,3,0,Loyal Customers (VIP)
CUST1581,185,1,745.68,0,3,0,Loyal Customers (VIP)
CUST1583,185,1,1858.44,0,3,0,Loyal Customers (VIP)
CUST1585,184,1,876.28,0,3,0,Loyal Customers (VIP)
CUST1586,184,1,3171.12,0,3,0,Loyal Customers (VIP)
CUST1587,184,1,600.78,0,3,0,Loyal Customers (VIP)
CUST1592,184,1,2664.76,0,3,0,Loyal Customers (VIP)
CUST1593,184,1,1429.38,0,3,0,Loyal Customers (VIP)
CUST1595,184,1,701.16,0,3,0,Loyal Customers (VIP)
CUST1597,184,1,2967.1,0,3,0,Loyal Customers (VIP)
CUST1598,184,1,4239.0,0,3,0,Loyal Customers (VIP)
CUST1600,184,1,3173.06,0,3,0,Loyal Customers (VIP)
CUST1602,184,1,3750.68,0,3,0,Loyal Customers (VIP)
CUST1604,184,1,1989.16,0,3,0,Loyal Customers (VIP)
CUST1606,184,1,1238.1999999999998,0,3,0,Loyal Customers (VIP)
CUST1608,183,1,2696.54,0,3,0,Loyal Customers (VIP)
CUST1610,183,1,2814.69,0,3,0,Loyal Customers (VIP)
CUST1612,183,1,4415.79,0,3,0,Loyal Customers (VIP)
CUST1613,183,1,236.68,0,3,0,Loyal Customers (VIP)
CUST1614,183,1,1877.28,0,3,0,Loyal Customers (VIP)
CUST1617,183,1,1839.8,0,3,0,Loyal Customers (VIP)
CUST1618,183,1,2417.82,0,3,0,Loyal Customers (VIP)
CUST1619,183,1,2383.7400000000002,0,3,0,Loyal Customers (VIP)
CUST1620,183,1,2505.0,0,3,0,Loyal Customers (VIP)
CUST1621,183,1,339.94,0,3,0,Loyal Customers (VIP)
CUST1622,183,1,3232.6499999999996,0,3,0,Loyal Customers (VIP)
CUST1626,183,1,2316.18,0,3,0,Loyal Customers (VIP)
CUST1627,183,1,723.32,0,3,0,Loyal Customers (VIP)
CUST1628,183,1,833.91,0,3,0,Loyal Customers (VIP)
CUST1629,183,1,3565.28,0,3,0,Loyal Customers (VIP)
CUST1632,182,1,3744.4,0,3,0,Loyal Customers (VIP)
CUST1633,182,1,4346.8,0,3,0,Loyal Customers (VIP)
CUST1636,182,1,880.6,0,3,0,Loyal Customers (VIP)
CUST1639,182,1,789.47,0,3,0,Loyal Customers (VIP)
CUST1640,182,1,3852.6400000000003,0,3,0,Loyal Customers (VIP)
CUST1641,182,1,269.5,0,3,0,Loyal Customers (VIP)
CUST1642,182,1,3658.27,0,3,0,Loyal Customers (VIP)
CUST1643,182,1,797.68,0,3,0,Loyal Customers (VIP)
CUST1644,182,1,421.3,0,3,0,Loyal Customers (VIP)
CUST1652,182,1,1984.32,0,3,0,Loyal Customers (VIP)
CUST1656,181,1,1316.3100000000002,0,3,0,Loyal Customers (VIP)
CUST1657,181,1,1800.72,0,3,0,Loyal Customers (VIP)
CUST1658,181,1,131.10000000000002,0,3,0,Loyal Customers (VIP)
CUST1661,181,1,495.48,0,3,0,Loyal Customers (VIP)
CUST1662,181,1,398.26,0,3,0,Loyal Customers (VIP)
CUST1668,181,1,1636.32,0,3,0,Loyal Customers (VIP)
CUST1669,181,1,273.06,0,3,0,Loyal Customers (VIP)
CUST1674,181,1,3824.19,0,3,0,Loyal Customers (VIP)
CUST1675,181,1,2522.52,0,3,0,Loyal Customers (VIP)
CUST1678,181,1,94.5,0,3,0,Loyal Customers (VIP)
CUST1679,181,1,4389.4,0,3,0,Loyal Customers (VIP)
CUST1683,180,1,1067.2,0,3,0,Loyal Customers (VIP)
CUST1686,180,1,2875.9500000000003,0,3,0,Loyal Customers (VIP)
CUST1687,180,1,1923.04,0,3,0,Loyal Customers (VIP)
CUST1689,180,1,213.4,0,3,0,Loyal Customers (VIP)
CUST1690,180,1,1490.6999999999998,0,3,0,Loyal Customers (VIP)
CUST1693,180,1,382.95,0,3,0,Loyal Customers (VIP)
CUST1694,180,1,1865.9299999999998,0,3,0,Loyal Customers (VIP)
CUST1697,180,1,3090.56,0,3,0,Loyal Customers (VIP)
CUST1698,180,1,1799.84,0,3,0,Loyal Customers (VIP)
CUST1701,180,1,2882.86,0,3,0,Loyal Customers (VIP)
CUST1702,180,1,884.19,0,3,0,Loyal Customers (VIP)
CUST1704,179,1,809.48,0,3,0,Loyal Customers (VIP)
CUST1705,179,1,952.32,0,3,0,Loyal Customers (VIP)
CUST1707,179,1,2285.92,0,3,0,Loyal Customers (VIP)
CUST1710,179,1,2398.32,0,3,0,Loyal Customers (VIP)
CUST1711,179,1,150.21,0,3,0,Loyal Customers (VIP)
CUST1712,179,1,671.3100000000001,0,3,0,Loyal Customers (VIP)
CUST1716,179,1,2245.08,0,3,0,Loyal Customers (VIP)
CUST1717,179,1,1500.64,0,3,0,Loyal Customers (VIP)
CUST1718,179,1,3542.04,0,3,0,Loyal Customers (VIP)
CUST1719,179,1,2187.75,0,3,0,Loyal Customers (VIP)
CUST1721,179,1,1810.9699999999998,0,3,0,Loyal Customers (VIP)
CUST1722,179,1,3145.92,0,3,0,Loyal Customers (VIP)
CUST1723,179,1,1827.16,0,3,0,Loyal Customers (VIP)
CUST1724,179,1,4257.799999999999,0,3,0,Loyal Customers (VIP)
CUST1725,179,1,4211.92,0,3,0,Loyal Customers (VIP)
CUST1727,179,1,118.89000000000001,0,3,0,Loyal Customers (VIP)
CUST1728,178,1,3917.32,0,3,0,Loyal Customers (VIP)
CUST1730,178,1,1945.44,0,3,0,Loyal Customers (VIP)
CUST1732,178,1,2186.73,0,3,0,Loyal Customers (VIP)
CUST1733,178,1,4209.87,0,3,0,Loyal Customers (VIP)
CUST1737,178,1,553.9,0,3,0,Loyal Customers (VIP)
CUST1738,178,1,322.0,0,3,0,Loyal Customers (VIP)
CUST1740,178,1,4343.849999999999,0,3,0,Loyal Customers (VIP)
CUST1742,178,1,2493.81,0,3,0,Loyal Customers (VIP)
CUST1744,178,1,952.56,0,3,0,Loyal Customers (VIP)
CUST1746,178,1,4024.68,0,3,0,Loyal Customers (VIP)
CUST1749,178,1,3171.3500000000004,0,3,0,Loyal Customers (VIP)
CUST1750,178,1,855.67,0,3,0,Loyal Customers (VIP)
CUST1751,178,1,1811.0,0,3,0,Loyal Customers (VIP)
CUST1756,177,1,1994.85,0,3,0,Loyal Customers (VIP)
CUST1760,177,1,951.3400000000001,0,3,0,Loyal Customers (VIP)
CUST1761,177,1,2481.3999999999996,0,3,0,Loyal Customers (VIP)
CUST1762,177,1,936.4499999999999,0,3,0,Loyal Customers (VIP)
CUST1766,177,1,3225.7999999999997,0,3,0,Loyal Customers (VIP)
CUST1767,177,1,3504.76,0,3,0,Loyal Customers (VIP)
CUST1770,177,1,356.34,0,3,0,Loyal Customers (VIP)
CUST1771,177,1,3970.9800000000005,0,3,0,Loyal Customers (VIP)
CUST1772,177,1,3146.36,0,3,0,Loyal Customers (VIP)
CUST1773,177,1,3148.6,0,3,0,Loyal Customers (VIP)
CUST1781,176,1,833.64,0,3,0,Loyal Customers (VIP)
CUST1783,176,1,907.04,0,3,0,Loyal Customers (VIP)
CUST1789,176,1,2813.44,0,3,0,Loyal Customers (VIP)
CUST1792,176,1,169.96,0,3,0,Loyal Customers (VIP)
CUST1793,176,1,1981.1,0,3,0,Loyal Customers (VIP)
CUST1795,176,1,3205.52,0,3,0,Loyal Customers (VIP)
CUST1798,176,1,327.9,0,3,0,Loyal Customers (VIP)
CUST1800,175,1,2204.25,0,3,0,Loyal Customers (VIP)
CUST1801,175,1,3927.4199999999996,0,3,0,Loyal Customers (VIP)
CUST1803,175,1,1818.02,0,3,0,Loyal Customers (VIP)
CUST1804,175,1,1512.12,0,3,0,Loyal Customers (VIP)
CUST1806,175,1,4028.75,0,3,0,Loyal Customers (VIP)
CUST1808,175,1,2107.08,0,3,0,Loyal Customers (VIP)
CUST1810,175,1,4281.79,0,3,0,Loyal Customers (VIP)
CUST1811,175,1,2484.27,0,3,0,Loyal Customers (VIP)
CUST1812,175,1,130.89,0,3,0,Loyal Customers (VIP)
CUST1815,175,1,89.46,0,3,0,Loyal Customers (VIP)
CUST1818,175,1,3329.0,0,3,0,Loyal Customers (VIP)
CUST1819,175,1,1103.52,0,3,0,Loyal Customers (VIP)
CUST1820,175,1,3319.0499999999997,0,3,0,Loyal Customers (VIP)
CUST1823,175,1,882.64,0,3,0,Loyal Customers (VIP)
CUST1825,174,1,441.32,0,3,0,Loyal Customers (VIP)
CUST1827,174,1,382.79999999999995,0,3,0,Loyal Customers (VIP)
CUST1828,174,1,968.0999999999999,0,3,0,Loyal Customers (VIP)
CUST1829,174,1,931.2,0,3,0,Loyal Customers (VIP)
CUST1831,174,1,3940.32,0,3,0,Loyal Customers (VIP)
CUST1832,174,1,709.4499999999999,0,3,0,Loyal Customers (VIP)
CUST1833,174,1,4124.82,0,3,0,Loyal Customers (VIP)
CUST1836,174,1,2315.3,0,3,0,Loyal Customers (VIP)
CUST1837,174,1,3450.66,0,3,0,Loyal Customers (VIP)
CUST1838,174,1,511.2,0,3,0,Loyal Customers (VIP)
CUST1839,174,1,968.94,0,3,0,Loyal Customers (VIP)
CUST1840,174,1,2705.1,0,3,0,Loyal Customers (VIP)
CUST1841,174,1,3295.7,0,3,0,Loyal Customers (VIP)
CUST1845,174,1,2901.69,0,3,0,Loyal Customers (VIP)
CUST1846,174,1,897.74,0,3,0,Loyal Customers (VIP)
CUST1847,174,1,293.42,0,3,0,Loyal Customers (VIP)
CUST1848,173,1,4275.45,0,3,0,Loyal Customers (VIP)
CUST1850,173,1,3589.68,0,3,0,Loyal Customers (VIP)
CUST1851,173,1,161.75,0,3,0,Loyal Customers (VIP)
CUST1852,173,1,1049.49,0,3,0,Loyal Customers (VIP)
CUST1854,173,1,600.8100000000001,0,3,0,Loyal Customers (VIP)
CUST1855,173,1,1946.8,0,3,0,Loyal Customers (VIP)
CUST1856,173,1,1157.97,0,3,0,Loyal Customers (VIP)
CUST1857,173,1,451.83000000000004,0,3,0,Loyal Customers (VIP)
CUST1858,173,1,2110.36,0,3,0,Loyal Customers (VIP)
CUST1859,173,1,1237.1100000000001,0,3,0,Loyal Customers (VIP)
CUST1861,173,1,430.32,0,3,0,Loyal Customers (VIP)
CUST1866,173,1,2237.2799999999997,0,3,0,Loyal Customers (VIP)
CUST1867,173,1,1799.97,0,3,0,Loyal Customers (VIP)
CUST1870,173,1,700.23,0,3,0,Loyal Customers (VIP)
CUST1871,173,1,573.5699999999999,0,3,0,Loyal Customers (VIP)
CUST1872,172,1,4817.45,0,3,0,Loyal Customers (VIP)
CUST1874,172,1,4302.5,0,3,0,Loyal Customers (VIP)
CUST1875,172,1,1855.6999999999998,0,3,0,Loyal Customers (VIP)
CUST1877,172,1,1024.1999999999998,0,3,0,Loyal Customers (VIP)
CUST1878,172,1,707.05,0,3,0,Loyal Customers (VIP)
CUST1880,172,1,2783.0,0,3,0,Loyal Customers (VIP)
CUST1881,172,1,688.77,0,3,0,Loyal Customers (VIP)
CUST1882,172,1,302.35,0,3,0,Loyal Customers (VIP)
CUST1883,172,1,720.25,0,3,0,Loyal Customers (VIP)
CUST1886,172,1,2564.16,0,3,0,Loyal Customers (VIP)
CUST1887,172,1,2464.2,0,3,0,Loyal Customers (VIP)
CUST1888,172,1,1734.69,0,3,0,Loyal Customers (VIP)
CUST1889,172,1,1034.28,0,3,0,Loyal Customers (VIP)
CUST1890,172,1,2109.4,0,3,0,Loyal Customers (VIP)
CUST1892,172,1,4850.16,0,3,0,Loyal Customers (VIP)
CUST1893,172,1,2411.5,0,3,0,Loyal Customers (VIP)
CUST1894,172,1,419.03,0,3,0,Loyal Customers (VIP)
CUST1896,171,1,1385.82,0,3,0,Loyal Customers (VIP)
CUST1898,171,1,643.82,0,3,0,Loyal Customers (VIP)
CUST1900,171,1,199.2,0,3,0,Loyal Customers (VIP)
CUST1901,171,1,321.13,0,3,0,Loyal Customers (VIP)
CUST1904,171,1,2839.32,0,3,0,Loyal Customers (VIP)
CUST1906,171,1,1989.5500000000002,0,3,0,Loyal Customers (VIP)
CUST1907,171,1,315.52,0,3,0,Loyal Customers (VIP)
CUST1909,171,1,2902.34,0,3,0,Loyal Customers (VIP)
CUST1910,171,1,1085.28,0,3,0,Loyal Customers (VIP)
CUST1911,171,1,1625.5,0,3,0,Loyal Customers (VIP)
CUST1912,171,1,2819.52,0,3,0,Loyal Customers (VIP)
CUST1913,171,1,122.98,0,3,0,Loyal Customers (VIP)
CUST1914,171,1,3807.4,0,3,0,Loyal Customers (VIP)
CUST1916,171,1,208.88,0,3,0,Loyal Customers (VIP)
CUST1918,171,1,334.74,0,3,0,Loyal Customers (VIP)
CUST1922,170,1,3060.96,0,3,0,Loyal Customers (VIP)
CUST1924,170,1,3229.84,0,3,0,Loyal Customers (VIP)
CUST1925,170,1,1559.16,0,3,0,Loyal Customers (VIP)
CUST1926,170,1,3247.2,0,3,0,Loyal Customers (VIP)
CUST1927,170,1,5049.8,0,3,0,Loyal Customers (VIP)
CUST1935,170,1,1181.51,0,3,0,Loyal Customers (VIP)
CUST1937,170,1,2257.12,0,3,0,Loyal Customers (VIP)
CUST1938,170,1,505.32,0,3,0,Loyal Customers (VIP)
CUST1939,170,1,1799.28,0,3,0,Loyal Customers (VIP)
CUST1942,170,1,4876.5599999999995,0,3,0,Loyal Customers (VIP)
CUST1943,170,1,1200.42,0,3,0,Loyal Customers (VIP)
CUST1944,169,1,5188.38,0,3,0,Loyal Customers (VIP)
CUST1945,169,1,857.92,0,3,0,Loyal Customers (VIP)
CUST1947,169,1,4397.14,0,3,0,Loyal Customers (VIP)
CUST1949,169,1,2748.0,0,3,0,Loyal Customers (VIP)
CUST1951,169,1,2287.89,0,3,0,Loyal Customers (VIP)
CUST1952,169,1,378.4,0,3,0,Loyal Customers (VIP)
CUST1953,169,1,1709.73,0,3,0,Loyal Customers (VIP)
CUST1954,169,1,2909.96,0,3,0,Loyal Customers (VIP)
CUST1956,169,1,947.94,0,3,0,Loyal Customers (VIP)
CUST1957,169,1,578.69,0,3,0,Loyal Customers (VIP)
CUST1961,169,1,1030.0,0,3,0,Loyal Customers (VIP)
CUST1963,169,1,1957.3400000000001,0,3,0,Loyal Customers (VIP)
CUST1964,169,1,3140.4,0,3,0,Loyal Customers (VIP)
CUST1968,168,1,687.29,0,3,0,Loyal Customers (VIP)
CUST1969,168,1,2207.68,0,3,0,Loyal Customers (VIP)
CUST1970,168,1,599.04,0,3,0,Loyal Customers (VIP)
CUST1971,168,1,4941.3099999999995,0,3,0,Loyal Customers (VIP)
CUST1972,168,1,1607.0600000000002,0,3,0,Loyal Customers (VIP)
CUST1973,168,1,2059.83,0,3,0,Loyal Customers (VIP)
CUST1975,168,1,785.86,0,3,0,Loyal Customers (VIP)
CUST1977,168,1,751.8,0,3,0,Loyal Customers (VIP)
CUST1980,168,1,2460.84,0,3,0,Loyal Customers (VIP)
CUST1981,168,1,26.32,0,3,0,Loyal Customers (VIP)
CUST1984,168,1,3231.9,0,3,0,Loyal Customers (VIP)
CUST1985,168,1,2692.4,0,3,0,Loyal Customers (VIP)
CUST1987,168,1,1556.92,0,3,0,Loyal Customers (VIP)
CUST1989,168,1,2294.6,0,3,0,Loyal Customers (VIP)
CUST1990,168,1,434.42,0,3,0,Loyal Customers (VIP)
CUST1992,167,1,583.83,0,3,0,Loyal Customers (VIP)
CUST1993,167,1,241.57000000000002,0,3,0,Loyal Customers (VIP)
CUST1994,167,1,1558.88,0,3,0,Loyal Customers (VIP)
CUST1996,167,1,21.32,0,3,0,Loyal Customers (VIP)
CUST1998,167,1,2819.25,0,3,0,Loyal Customers (VIP)
CUST1999,167,1,430.1,0,3,0,Loyal Customers (VIP)
CUST2000,167,1,1833.04,0,3,0,Loyal Customers (VIP)
CUST2002,167,1,3790.64,0,3,0,Loyal Customers (VIP)
CUST2003,167,1,2541.0,0,3,0,Loyal Customers (VIP)
CUST2006,167,1,2183.82,0,3,0,Loyal Customers (VIP)
CUST2007,167,1,210.25,0,3,0,Loyal Customers (VIP)
CUST2010,167,1,1941.57,0,3,0,Loyal Customers (VIP)
CUST2011,167,1,2258.28,0,3,0,Loyal Customers (VIP)
CUST2012,167,1,4813.7,0,3,0,Loyal Customers (VIP)
CUST2014,167,1,224.62,0,3,0,Loyal Customers (VIP)
CUST2017,166,1,533.44,0,3,0,Loyal Customers (VIP)
CUST2018,166,1,3961.35,0,3,0,Loyal Customers (VIP)
CUST2020,166,1,4007.24,0,3,0,Loyal Customers (VIP)
CUST2021,166,1,1403.92,0,3,0,Loyal Customers (VIP)
CUST2025,166,1,1967.94,0,3,0,Loyal Customers (VIP)
CUST2026,166,1,3831.1,0,3,0,Loyal Customers (VIP)
CUST2027,166,1,1249.02,0,3,0,Loyal Customers (VIP)
CUST2028,166,1,1634.7599999999998,0,3,0,Loyal Customers (VIP)
CUST2030,166,1,616.91,0,3,0,Loyal Customers (VIP)
CUST2031,166,1,231.29999999999998,0,3,0,Loyal Customers (VIP)
CUST2032,166,1,1557.24,0,3,0,Loyal Customers (VIP)
CUST2035,166,1,1741.59,0,3,0,Loyal Customers (VIP)
CUST2036,166,1,4391.25,0,3,0,Loyal Customers (VIP)
CUST2038,166,1,2981.04,0,3,0,Loyal Customers (VIP)
CUST2041,165,1,832.06,0,3,0,Loyal Customers (VIP)
CUST2045,165,1,497.09999999999997,0,3,0,Loyal Customers (VIP)
CUST2046,165,1,4475.36,0,3,0,Loyal Customers (VIP)
CUST2048,165,1,4811.92,0,3,0,Loyal Customers (VIP)
CUST2049,165,1,1352.0,0,3,0,Loyal Customers (VIP)
CUST2052,165,1,141.51,0,3,0,Loyal Customers (VIP)
CUST2053,165,1,1773.63,0,3,0,Loyal Customers (VIP)
CUST2054,165,1,3733.6000000000004,0,3,0,Loyal Customers (VIP)
CUST2055,165,1,331.09,0,3,0,Loyal Customers (VIP)
CUST2056,165,1,4213.66,0,3,0,Loyal Customers (VIP)
CUST2057,165,1,1685.08,0,3,0,Loyal Customers (VIP)
CUST2059,165,1,2600.78,0,3,0,Loyal Customers (VIP)
CUST2060,165,1,2678.52,0,3,0,Loyal Customers (VIP)
CUST2061,165,1,577.91,0,3,0,Loyal Customers (VIP)
CUST2062,165,1,928.08,0,3,0,Loyal Customers (VIP)
CUST2064,164,1,2982.78,0,3,0,Loyal Customers (VIP)
CUST2067,164,1,370.91999999999996,0,3,0,Loyal Customers (VIP)
CUST2069,164,1,1348.36,0,3,0,Loyal Customers (VIP)
CUST2071,164,1,2968.91,0,3,0,Loyal Customers (VIP)
CUST2072,164,1,3797.8199999999997,0,3,0,Loyal Customers (VIP)
CUST2073,164,1,317.96,0,3,0,Loyal Customers (VIP)
CUST2075,164,1,1823.45,0,3,0,Loyal Customers (VIP)
CUST2076,164,1,2285.85,0,3,0,Loyal Customers (VIP)
CUST2079,164,1,2591.04,0,3,0,Loyal Customers (VIP)
CUST2082,164,1,3518.97,0,3,0,Loyal Customers (VIP)
CUST2084,164,1,2460.48,0,3,0,Loyal Customers (VIP)
CUST2086,164,1,30.67,0,3,0,Loyal Customers (VIP)
CUST2087,164,1,232.44,0,3,0,Loyal Customers (VIP)
CUST2088,163,1,2740.32,0,3,0,Loyal Customers (VIP)
CUST2089,163,1,838.8000000000001,0,3,0,Loyal Customers (VIP)
CUST2090,163,1,2403.5699999999997,0,3,0,Loyal Customers (VIP)
CUST2091,163,1,704.06,0,3,0,Loyal Customers (VIP)
CUST2093,163,1,4734.16,0,3,0,Loyal Customers (VIP)
CUST2094,163,1,575.64,0,3,0,Loyal Customers (VIP)
CUST2100,163,1,232.20000000000002,0,3,0,Loyal Customers (VIP)
CUST2104,163,1,734.25,0,3,0,Loyal Customers (VIP)
CUST2107,163,1,4914.36,0,3,0,Loyal Customers (VIP)
CUST2109,163,1,4075.2000000000003,0,3,0,Loyal Customers (VIP)
CUST2111,163,1,4550.3099999999995,0,3,0,Loyal Customers (VIP)
CUST2115,162,1,2038.62,0,3,0,Loyal Customers (VIP)
CUST2117,162,1,1063.86,0,3,0,Loyal Customers (VIP)
CUST2118,162,1,82.53,0,3,0,Loyal Customers (VIP)
CUST2120,162,1,701.8599999999999,0,3,0,Loyal Customers (VIP)
CUST2124,162,1,766.6800000000001,0,3,0,Loyal Customers (VIP)
CUST2125,162,1,1839.6,0,3,0,Loyal Customers (VIP)
CUST2127,162,1,915.27,0,3,0,Loyal Customers (VIP)
CUST2129,162,1,4804.0,0,3,0,Loyal Customers (VIP)
CUST2130,162,1,2976.66,0,3,0,Loyal Customers (VIP)
CUST2131,162,1,1548.56,0,3,0,Loyal Customers (VIP)
CUST2135,162,1,4276.4400000000005,0,3,0,Loyal Customers (VIP)
CUST2137,161,1,627.4699999999999,0,3,0,Loyal Customers (VIP)
CUST2138,161,1,135.2,0,3,0,Loyal Customers (VIP)
CUST2140,161,1,513.08,0,3,0,Loyal Customers (VIP)
CUST2141,161,1,724.2,0,3,0,Loyal Customers (VIP)
CUST2142,161,1,1745.85,0,3,0,Loyal Customers (VIP)
CUST2144,161,1,858.58,0,3,0,Loyal Customers (VIP)
CUST2147,161,1,2154.49,0,3,0,Loyal Customers (VIP)
CUST2149,161,1,2138.2,0,3,0,Loyal Customers (VIP)
CUST2151,161,1,379.2,0,3,0,Loyal Customers (VIP)
CUST2152,161,1,2729.16,0,3,0,Loyal Customers (VIP)
CUST2153,161,1,2437.86,0,3,0,Loyal Customers (VIP)
CUST2154,161,1,1691.04,0,3,0,Loyal Customers (VIP)
CUST2156,161,1,2024.58,0,3,0,Loyal Customers (VIP)
CUST2157,161,1,2917.8,0,3,0,Loyal Customers (VIP)
CUST2159,161,1,4370.04,0,3,0,Loyal Customers (VIP)
CUST2161,160,1,2952.0,0,3,0,Loyal Customers (VIP)
CUST2162,160,1,2994.0,0,3,0,Loyal Customers (VIP)
CUST2163,160,1,3914.24,0,3,0,Loyal Customers (VIP)
CUST2167,160,1,3036.58,0,3,0,Loyal Customers (VIP)
CUST2168,160,1,1226.8500000000001,0,3,0,Loyal Customers (VIP)
CUST2170,160,1,687.36,0,3,0,Loyal Customers (VIP)
CUST2172,160,1,2115.85,0,3,0,Loyal Customers (VIP)
CUST2174,160,1,2857.2,0,3,0,Loyal Customers (VIP)
CUST2176,160,1,1233.76,0,3,0,Loyal Customers (VIP)
CUST2177,160,1,1843.3500000000001,0,3,0,Loyal Customers (VIP)
CUST2179,160,1,1228.96,0,3,0,Loyal Customers (VIP)
CUST2181,160,1,1743.6000000000001,0,3,0,Loyal Customers (VIP)
CUST2182,160,1,284.88,0,3,0,Loyal Customers (VIP)
CUST2183,160,1,2016.69,0,3,0,Loyal Customers (VIP)
CUST2184,159,1,116.05000000000001,0,3,0,Loyal Customers (VIP)
CUST2185,159,1,1634.3999999999999,0,3,0,Loyal Customers (VIP)
CUST2187,159,1,4645.349999999999,0,3,0,Loyal Customers (VIP)
CUST2189,159,1,1353.96,0,3,0,Loyal Customers (VIP)
CUST2190,159,1,4008.06,0,3,0,Loyal Customers (VIP)
CUST2191,159,1,4282.200000000001,0,3,0,Loyal Customers (VIP)
CUST2196,159,1,3377.68,0,3,0,Loyal Customers (VIP)
CUST2197,159,1,2770.02,0,3,0,Loyal Customers (VIP)
CUST2198,159,1,68.8,0,3,0,Loyal Customers (VIP)
CUST2200,159,1,1541.12,0,3,0,Loyal Customers (VIP)
CUST2202,159,1,1373.43,0,3,0,Loyal Customers (VIP)
CUST2203,159,1,892.71,0,3,0,Loyal Customers (VIP)
CUST2209,158,1,3308.6200000000003,0,3,0,Loyal Customers (VIP)
CUST2210,158,1,1250.3400000000001,0,3,0,Loyal Customers (VIP)
CUST2213,158,1,564.8,0,3,0,Loyal Customers (VIP)
CUST2214,158,1,4491.27,0,3,0,Loyal Customers (VIP)
CUST2215,158,1,4549.6,0,3,0,Loyal Customers (VIP)
CUST2220,158,1,1687.6,0,3,0,Loyal Customers (VIP)
CUST2221,158,1,3815.2,0,3,0,Loyal Customers (VIP)
CUST2222,158,1,1959.8,0,3,0,Loyal Customers (VIP)
CUST2225,158,1,1249.15,0,3,0,Loyal Customers (VIP)
CUST2228,158,1,701.48,0,3,0,Loyal Customers (VIP)
CUST2231,158,1,813.8399999999999,0,3,0,Loyal Customers (VIP)
CUST2233,157,1,1393.94,0,3,0,Loyal Customers (VIP)
CUST2234,157,1,528.06,0,3,0,Loyal Customers (VIP)
CUST2236,157,1,2133.36,0,3,0,Loyal Customers (VIP)
CUST2237,157,1,4367.58,0,3,0,Loyal Customers (VIP)
CUST2238,157,1,2039.1299999999999,0,3,0,Loyal Customers (VIP)
CUST2239,157,1,3164.84,0,3,0,Loyal Customers (VIP)
CUST2240,157,1,703.75,0,3,0,Loyal Customers (VIP)
CUST2241,157,1,940.5,0,3,0,Loyal Customers (VIP)
CUST2242,157,1,1376.6999999999998,0,3,0,Loyal Customers (VIP)
CUST2244,157,1,1409.2,0,3,0,Loyal Customers (VIP)
CUST2247,157,1,3183.4800000000005,0,3,0,Loyal Customers (VIP)
CUST2248,157,1,2156.88,0,3,0,Loyal Customers (VIP)
CUST2249,157,1,2296.3199999999997,0,3,0,Loyal Customers (VIP)
CUST2252,157,1,1957.86,0,3,0,Loyal Customers (VIP)
CUST2255,157,1,1568.97,0,3,0,Loyal Customers (VIP)
CUST2257,156,1,1470.81,0,3,0,Loyal Customers (VIP)
CUST2258,156,1,1298.5,0,3,0,Loyal Customers (VIP)
CUST2259,156,1,4685.04,0,3,0,Loyal Customers (VIP)
CUST2260,156,1,818.32,0,3,0,Loyal Customers (VIP)
CUST2261,156,1,1461.42,0,3,0,Loyal Customers (VIP)
CUST2262,156,1,1452.08,0,3,0,Loyal Customers (VIP)
CUST2263,156,1,581.9,0,3,0,Loyal Customers (VIP)
CUST2265,156,1,2207.68,0,3,0,Loyal Customers (VIP)
CUST2266,156,1,1111.6,0,3,0,Loyal Customers (VIP)
CUST2267,156,1,1265.67,0,3,0,Loyal Customers (VIP)
CUST2268,156,1,2511.9,0,3,0,Loyal Customers (VIP)
CUST2269,156,1,766.35,0,3,0,Loyal Customers (VIP)
CUST2270,156,1,1929.75,0,3,0,Loyal Customers (VIP)
CUST2271,156,1,94.14,0,3,0,Loyal Customers (VIP)
CUST2272,156,1,4449.900000000001,0,3,0,Loyal Customers (VIP)
CUST2274,156,1,4318.24,0,3,0,Loyal Customers (VIP)
CUST2275,156,1,2077.01,0,3,0,Loyal Customers (VIP)
CUST2276,156,1,399.96,0,3,0,Loyal Customers (VIP)
CUST2277,156,1,704.28,0,3,0,Loyal Customers (VIP)
CUST2280,155,1,1723.52,0,3,0,Loyal Customers (VIP)
CUST2283,155,1,3542.8899999999994,0,3,0,Loyal Customers (VIP)
CUST2286,155,1,1348.0,0,3,0,Loyal Customers (VIP)
CUST2287,155,1,2685.8999999999996,0,3,0,Loyal Customers (VIP)
CUST2289,155,1,4488.75,0,3,0,Loyal Customers (VIP)
CUST2290,155,1,2255.32,0,3,0,Loyal Customers (VIP)
CUST2292,155,1,553.5,0,3,0,Loyal Customers (VIP)
CUST2297,155,1,4718.85,0,3,0,Loyal Customers (VIP)
CUST2300,155,1,4196.8,0,3,0,Loyal Customers (VIP)
CUST2301,155,1,2836.48,0,3,0,Loyal Customers (VIP)
CUST2302,155,1,4410.77,0,3,0,Loyal Customers (VIP)
CUST2303,155,1,1755.36,0,3,0,Loyal Customers (VIP)
CUST2304,154,1,3522.6,0,3,0,Loyal Customers (VIP)
CUST2305,154,1,2719.92,0,3,0,Loyal Customers (VIP)
CUST2306,154,1,4929.65,0,3,0,Loyal Customers (VIP)
CUST2307,154,1,1544.4,0,3,0,Loyal Customers (VIP)
CUST2308,154,1,169.26,0,3,0,Loyal Customers (VIP)
CUST2309,154,1,5094.900000000001,0,3,0,Loyal Customers (VIP)
CUST2310,154,1,3122.68,0,3,0,Loyal Customers (VIP)
CUST2311,154,1,296.55,0,3,0,Loyal Customers (VIP)
CUST2314,154,1,1785.0,0,3,0,Loyal Customers (VIP)
CUST2315,154,1,2119.0,0,3,0,Loyal Customers (VIP)
CUST2316,154,1,594.3,0,3,0,Loyal Customers (VIP)
CUST2317,154,1,699.48,0,3,0,Loyal Customers (VIP)
CUST2319,154,1,1073.6599999999999,0,3,0,Loyal Customers (VIP)
CUST2320,154,1,313.84,0,3,0,Loyal Customers (VIP)
CUST2321,154,1,498.6,0,3,0,Loyal Customers (VIP)
CUST2322,154,1,1684.8,0,3,0,Loyal Customers (VIP)
CUST2323,154,1,169.84,0,3,0,Loyal Customers (VIP)
CUST2325,154,1,1945.3999999999999,0,3,0,Loyal Customers (VIP)
CUST2327,154,1,1700.66,0,3,0,Loyal Customers (VIP)
CUST2328,153,1,323.28000000000003,0,3,0,Loyal Customers (VIP)
CUST2329,153,1,6.05,0,3,0,Loyal Customers (VIP)
CUST2331,153,1,1348.08,0,3,0,Loyal Customers (VIP)
CUST2332,153,1,4431.36,0,3,0,Loyal Customers (VIP)
CUST2333,153,1,266.83,0,3,0,Loyal Customers (VIP)
CUST2337,153,1,4814.28,0,3,0,Loyal Customers (VIP)
CUST2341,153,1,4260.42,0,3,0,Loyal Customers (VIP)
CUST2342,153,1,1835.04,0,3,0,Loyal Customers (VIP)
CUST2345,153,1,2959.2000000000003,0,3,0,Loyal Customers (VIP)
CUST2347,153,1,273.02,0,3,0,Loyal Customers (VIP)
CUST2348,153,1,2252.32,0,3,0,Loyal Customers (VIP)
CUST2349,153,1,2090.4,0,3,0,Loyal Customers (VIP)
CUST2352,152,1,1225.8,0,3,0,Loyal Customers (VIP)
CUST2354,152,1,1375.76,0,3,0,Loyal Customers (VIP)
CUST2356,152,1,1260.88,0,3,0,Loyal Customers (VIP)
CUST2359,152,1,2021.6100000000001,0,3,0,Loyal Customers (VIP)
CUST2361,152,1,4353.6900000000005,0,3,0,Loyal Customers (VIP)
CUST2363,152,1,3285.96,0,3,0,Loyal Customers (VIP)
CUST2364,152,1,1110.1200000000001,0,3,0,Loyal Customers (VIP)
CUST2366,152,1,2023.08,0,3,0,Loyal Customers (VIP)
CUST2367,152,1,3439.7999999999997,0,3,0,Loyal Customers (VIP)
CUST2368,152,1,63.44,0,3,0,Loyal Customers (VIP)
CUST2372,152,1,3336.93,0,3,0,Loyal Customers (VIP)
CUST2373,152,1,463.88,0,3,0,Loyal Customers (VIP)
CUST2374,152,1,1894.05,0,3,0,Loyal Customers (VIP)
CUST2375,152,1,4727.88,0,3,0,Loyal Customers (VIP)
CUST2377,151,1,2839.27,0,3,0,Loyal Customers (VIP)
CUST2378,151,1,3954.9,0,3,0,Loyal Customers (VIP)
CUST2381,151,1,2566.7999999999997,0,3,0,Loyal Customers (VIP)
CUST2382,151,1,472.14,0,3,0,Loyal Customers (VIP)
CUST2384,151,1,301.17,0,3,0,Loyal Customers (VIP)
CUST2385,151,1,3835.0,0,3,0,Loyal Customers (VIP)
CUST2386,151,1,2429.3999999999996,0,3,0,Loyal Customers (VIP)
CUST2387,151,1,2476.87,0,3,0,Loyal Customers (VIP)
CUST2388,151,1,2235.39,0,3,0,Loyal Customers (VIP)
CUST2391,151,1,1089.44,0,3,0,Loyal Customers (VIP)
CUST2392,151,1,1093.05,0,3,0,Loyal Customers (VIP)
CUST2393,151,1,1567.98,0,3,0,Loyal Customers (VIP)
CUST2395,151,1,681.66,0,3,0,Loyal Customers (VIP)
CUST2396,151,1,4321.05,0,3,0,Loyal Customers (VIP)
CUST2400,150,1,4982.5599999999995,0,3,0,Loyal Customers (VIP)
CUST2403,150,1,3697.54,0,3,0,Loyal Customers (VIP)
CUST2405,150,1,2761.2,0,3,0,Loyal Customers (VIP)
CUST2407,150,1,1714.9,0,3,0,Loyal Customers (VIP)
CUST2409,150,1,595.89,0,3,0,Loyal Customers (VIP)
CUST2410,150,1,163.31,0,3,0,Loyal Customers (VIP)
CUST2411,150,1,1274.88,0,3,0,Loyal Customers (VIP)
CUST2413,150,1,243.45000000000002,0,3,0,Loyal Customers (VIP)
CUST2414,150,1,35.5,0,3,0,Loyal Customers (VIP)
CUST2415,150,1,3422.88,0,3,0,Loyal Customers (VIP)
CUST2418,150,1,3554.46,0,3,0,Loyal Customers (VIP)
CUST2419,150,1,2042.34,0,3,0,Loyal Customers (VIP)
CUST2420,150,1,2624.7599999999998,0,3,0,Loyal Customers (VIP)
CUST2423,150,1,842.66,0,3,0,Loyal Customers (VIP)
CUST2425,149,1,2714.56,0,3,0,Loyal Customers (VIP)
CUST2426,149,1,169.85,0,3,0,Loyal Customers (VIP)
CUST2427,149,1,2090.4,0,3,0,Loyal Customers (VIP)
CUST2432,149,1,4620.400000000001,0,3,0,Loyal Customers (VIP)
CUST2433,149,1,1625.58,0,3,0,Loyal Customers (VIP)
CUST2434,149,1,2764.16,0,3,0,Loyal Customers (VIP)
CUST2435,149,1,3035.3999999999996,0,3,0,Loyal Customers (VIP)
CUST2436,149,1,1698.24,0,3,0,Loyal Customers (VIP)
CUST2437,149,1,208.86,0,3,0,Loyal Customers (VIP)
CUST2438,149,1,726.8,0,3,0,Loyal Customers (VIP)
CUST2439,149,1,679.3,0,3,0,Loyal Customers (VIP)
CUST2440,149,1,1669.06,0,3,0,Loyal Customers (VIP)
CUST2442,149,1,4189.2,0,3,0,Loyal Customers (VIP)
CUST2443,149,1,2481.3,0,3,0,Loyal Customers (VIP)
CUST2444,149,1,4295.1,0,3,0,Loyal Customers (VIP)
CUST2448,148,1,3477.3599999999997,0,3,0,Loyal Customers (VIP)
CUST2449,148,1,2617.38,0,3,0,Loyal Customers (VIP)
CUST2450,148,1,1611.56,0,3,0,Loyal Customers (VIP)
CUST2451,148,1,2686.11,0,3,0,Loyal Customers (VIP)
CUST2455,148,1,691.2,0,3,0,Loyal Customers (VIP)
CUST2457,148,1,515.66,0,3,0,Loyal Customers (VIP)
CUST2459,148,1,2310.4800000000005,0,3,0,Loyal Customers (VIP)
CUST2460,148,1,297.06,0,3,0,Loyal Customers (VIP)
CUST2462,148,1,2907.48,0,3,0,Loyal Customers (VIP)
CUST2463,148,1,2464.68,0,3,0,Loyal Customers (VIP)
CUST2465,148,1,1254.3999999999999,0,3,0,Loyal Customers (VIP)
CUST2470,148,1,2742.96,0,3,0,Loyal Customers (VIP)
CUST2472,147,1,3207.2,0,3,0,Loyal Customers (VIP)
CUST2473,147,1,1863.26,0,3,0,Loyal Customers (VIP)
CUST2474,147,1,1724.48,0,3,0,Loyal Customers (VIP)
CUST2477,147,1,5295.960000000001,0,3,0,Loyal Customers (VIP)
CUST2479,147,1,5025.9,0,3,0,Loyal Customers (VIP)
CUST2481,147,1,3807.05,0,3,0,Loyal Customers (VIP)
CUST2482,147,1,1776.9299999999998,0,3,0,Loyal Customers (VIP)
CUST2483,147,1,1634.04,0,3,0,Loyal Customers (VIP)
CUST2484,147,1,341.08,0,3,0,Loyal Customers (VIP)
CUST2487,147,1,695.79,0,3,0,Loyal Customers (VIP)
CUST2488,147,1,3803.67,0,3,0,Loyal Customers (VIP)
CUST2491,147,1,3119.46,0,3,0,Loyal Customers (VIP)
CUST2492,147,1,767.0,0,3,0,Loyal Customers (VIP)
CUST2494,147,1,1161.48,0,3,0,Loyal Customers (VIP)
CUST2496,146,1,4647.78,0,3,0,Loyal Customers (VIP)
CUST2498,146,1,878.12,0,3,0,Loyal Customers (VIP)
CUST2499,146,1,2371.1800000000003,0,3,0,Loyal Customers (VIP)
CUST2501,146,1,1394.0099999999998,0,3,0,Loyal Customers (VIP)
CUST2511,146,1,4668.16,0,3,0,Loyal Customers (VIP)
CUST2512,146,1,3023.16,0,3,0,Loyal Customers (VIP)
CUST2513,146,1,859.97,0,3,0,Loyal Customers (VIP)
CUST2517,146,1,5228.8,0,3,0,Loyal Customers (VIP)
CUST2518,146,1,92.07000000000001,0,3,0,Loyal Customers (VIP)
CUST2519,146,1,1805.6,0,3,0,Loyal Customers (VIP)
CUST2520,145,1,4031.8,0,3,0,Loyal Customers (VIP)
CUST2521,145,1,580.98,0,3,0,Loyal Customers (VIP)
CUST2523,145,1,1754.16,0,3,0,Loyal Customers (VIP)
CUST2524,145,1,4704.78,0,3,0,Loyal Customers (VIP)
CUST2525,145,1,1199.28,0,3,0,Loyal Customers (VIP)
CUST2526,145,1,571.45,0,3,0,Loyal Customers (VIP)
CUST2527,145,1,500.04,0,3,0,Loyal Customers (VIP)
CUST2528,145,1,2223.87,0,3,0,Loyal Customers (VIP)
CUST2529,145,1,226.14,0,3,0,Loyal Customers (VIP)
CUST2530,145,1,2011.6799999999998,0,3,0,Loyal Customers (VIP)
CUST2531,145,1,1931.3999999999999,0,3,0,Loyal Customers (VIP)
CUST2533,145,1,3411.52,0,3,0,Loyal Customers (VIP)
CUST2534,145,1,6457.57,0,3,0,Loyal Customers (VIP)
CUST2535,145,1,514.8,0,3,0,Loyal Customers (VIP)
CUST2537,145,1,2803.48,0,3,0,Loyal Customers (VIP)
CUST2538,145,1,2989.6499999999996,0,3,0,Loyal Customers (VIP)
CUST2540,145,1,3984.4,0,3,0,Loyal Customers (VIP)
CUST2541,145,1,88.65,0,3,0,Loyal Customers (VIP)
CUST2542,145,1,4236.24,0,3,0,Loyal Customers (VIP)
CUST2544,144,1,3164.9,0,3,0,Loyal Customers (VIP)
CUST2545,144,1,2068.5,0,3,0,Loyal Customers (VIP)
CUST2546,144,1,3972.8,0,3,0,Loyal Customers (VIP)
CUST2547,144,1,775.17,0,3,0,Loyal Customers (VIP)
CUST2548,144,1,1513.98,0,3,0,Loyal Customers (VIP)
CUST2549,144,1,5060.32,0,3,0,Loyal Customers (VIP)
CUST2550,144,1,1439.1999999999998,0,3,0,Loyal Customers (VIP)
CUST2551,144,1,142.82999999999998,0,3,0,Loyal Customers (VIP)
CUST2552,144,1,3704.3,0,3,0,Loyal Customers (VIP)
CUST2554,144,1,3330.3,0,3,0,Loyal Customers (VIP)
CUST2555,144,1,4519.1,0,3,0,Loyal Customers (VIP)
CUST2556,144,1,2554.8,0,3,0,Loyal Customers (VIP)
CUST2557,144,1,1171.2,0,3,0,Loyal Customers (VIP)
CUST2558,144,1,6135.84,0,3,0,Loyal Customers (VIP)
CUST2559,144,1,4521.96,0,3,0,Loyal Customers (VIP)
CUST2560,144,1,6859.89,0,3,0,Loyal Customers (VIP)
CUST2562,144,1,3725.52,0,3,0,Loyal Customers (VIP)
CUST2563,144,1,6669.46,0,3,0,Loyal Customers (VIP)
CUST2564,144,1,3387.96,0,3,0,Loyal Customers (VIP)
CUST2566,144,1,3802.68,0,3,0,Loyal Customers (VIP)
CUST2568,143,1,4475.0,0,3,0,Loyal Customers (VIP)
CUST2569,143,1,2816.7,0,3,0,Loyal Customers (VIP)
CUST2571,143,1,631.9,0,3,0,Loyal Customers (VIP)
CUST2572,143,1,6206.400000000001,0,3,0,Loyal Customers (VIP)
CUST2573,143,1,1994.56,0,3,0,Loyal Customers (VIP)
CUST2574,143,1,680.95,0,3,0,Loyal Customers (VIP)
CUST2575,143,1,5871.3,0,3,0,Loyal Customers (VIP)
CUST2576,143,1,517.31,0,3,0,Loyal Customers (VIP)
CUST2578,143,1,4642.400000000001,0,3,0,Loyal Customers (VIP)
CUST2581,143,1,5905.26,0,3,0,Loyal Customers (VIP)
CUST2582,143,1,6145.44,0,3,0,Loyal Customers (VIP)
CUST2583,143,1,3592.8,0,3,0,Loyal Customers (VIP)
CUST2584,143,1,3752.64,0,3,0,Loyal Customers (VIP)
CUST2585,143,1,882.42,0,3,0,Loyal Customers (VIP)
CUST2586,143,1,4553.450000000001,0,3,0,Loyal Customers (VIP)
CUST2587,143,1,1417.5,0,3,0,Loyal Customers (VIP)
CUST2588,143,1,6353.91,0,3,0,Loyal Customers (VIP)
CUST2589,143,1,2881.9800000000005,0,3,0,Loyal Customers (VIP)
CUST2591,143,1,2902.2000000000003,0,3,0,Loyal Customers (VIP)
CUST2592,142,1,5577.66,0,3,0,Loyal Customers (VIP)
CUST2593,142,1,489.8,0,3,0,Loyal Customers (VIP)
CUST2595,142,1,205.74,0,3,0,Loyal Customers (VIP)
CUST2597,142,1,1866.84,0,3,0,Loyal Customers (VIP)
CUST2599,142,1,1971.56,0,3,0,Loyal Customers (VIP)
CUST2601,142,1,3953.51,0,3,0,Loyal Customers (VIP)
CUST2602,142,1,2228.04,0,3,0,Loyal Customers (VIP)
CUST2603,142,1,2829.96,0,3,0,Loyal Customers (VIP)
CUST2605,142,1,577.0799999999999,0,3,0,Loyal Customers (VIP)
CUST2607,142,1,3777.8,0,3,0,Loyal Customers (VIP)
CUST2608,142,1,1708.2599999999998,0,3,0,Loyal Customers (VIP)
CUST2609,142,1,917.0,0,3,0,Loyal Customers (VIP)
CUST2610,142,1,3867.44,0,3,0,Loyal Customers (VIP)
CUST2611,142,1,2308.24,0,3,0,Loyal Customers (VIP)
CUST2612,142,1,1384.65,0,3,0,Loyal Customers (VIP)
CUST2613,142,1,1697.28,0,3,0,Loyal Customers (VIP)
CUST2614,142,1,6361.23,0,3,0,Loyal Customers (VIP)
CUST2615,142,1,788.3,0,3,0,Loyal Customers (VIP)
CUST2616,141,1,594.44,0,3,0,Loyal Customers (VIP)
CUST2617,141,1,352.38,0,3,0,Loyal Customers (VIP)
CUST2618,141,1,7224.16,0,3,0,Loyal Customers (VIP)
CUST2619,141,1,7321.339999999999,0,3,0,Loyal Customers (VIP)
CUST2620,141,1,1410.2,0,3,0,Loyal Customers (VIP)
CUST2621,141,1,934.05,0,3,0,Loyal Customers (VIP)
CUST2625,141,1,4119.39,0,3,0,Loyal Customers (VIP)
CUST2627,141,1,3219.6299999999997,0,3,0,Loyal Customers (VIP)
CUST2628,141,1,3820.41,0,3,0,Loyal Customers (VIP)
CUST2629,141,1,6911.52,0,3,0,Loyal Customers (VIP)
CUST2630,141,1,201.08,0,3,0,Loyal Customers (VIP)
CUST2631,141,1,3859.7000000000003,0,3,0,Loyal Customers (VIP)
CUST2633,141,1,956.21,0,3,0,Loyal Customers (VIP)
CUST2634,141,1,654.1200000000001,0,3,0,Loyal Customers (VIP)
CUST2635,141,1,2743.8999999999996,0,3,0,Loyal Customers (VIP)
CUST2636,141,1,3549.72,0,3,0,Loyal Customers (VIP)
CUST2638,141,1,631.0699999999999,0,3,0,Loyal Customers (VIP)
CUST2639,141,1,2384.19,0,3,0,Loyal Customers (VIP)
CUST2640,140,1,71.82000000000001,0,3,0,Loyal Customers (VIP)
CUST2641,140,1,1773.96,0,3,0,Loyal Customers (VIP)
CUST2642,140,1,836.0,0,3,0,Loyal Customers (VIP)
CUST2643,140,1,351.12,0,3,0,Loyal Customers (VIP)
CUST2644,140,1,724.36,0,3,0,Loyal Customers (VIP)
CUST2645,140,1,1628.8200000000002,0,3,0,Loyal Customers (VIP)
CUST2646,140,1,135.08,0,3,0,Loyal Customers (VIP)
CUST2647,140,1,7112.4,0,3,0,Loyal Customers (VIP)
CUST2649,140,1,1678.41,0,3,0,Loyal Customers (VIP)
CUST2650,140,1,5267.43,0,3,0,Loyal Customers (VIP)
CUST2652,140,1,172.38,0,3,0,Loyal Customers (VIP)
CUST2653,140,1,7133.2,0,3,0,Loyal Customers (VIP)
CUST2654,140,1,3490.08,0,3,0,Loyal Customers (VIP)
CUST2657,140,1,4217.87,0,3,0,Loyal Customers (VIP)
CUST2658,140,1,5322.0,0,3,0,Loyal Customers (VIP)
CUST2659,140,1,1257.05,0,3,0,Loyal Customers (VIP)
CUST2661,140,1,2299.85,0,3,0,Loyal Customers (VIP)
CUST2662,140,1,6688.5,0,3,0,Loyal Customers (VIP)
CUST2664,139,1,1453.4099999999999,0,3,0,Loyal Customers (VIP)
CUST2665,139,1,3896.3999999999996,0,3,0,Loyal Customers (VIP)
CUST2666,139,1,3292.6299999999997,0,3,0,Loyal Customers (VIP)
CUST2667,139,1,2652.06,0,3,0,Loyal Customers (VIP)
CUST2668,139,1,5909.76,0,3,0,Loyal Customers (VIP)
CUST2669,139,1,4981.0,0,3,0,Loyal Customers (VIP)
CUST2670,139,1,3024.1200000000003,0,3,0,Loyal Customers (VIP)
CUST2671,139,1,3457.87,0,3,0,Loyal Customers (VIP)
CUST2672,139,1,5819.4,0,3,0,Loyal Customers (VIP)
CUST2673,139,1,6435.219999999999,0,3,0,Loyal Customers (VIP)
CUST2675,139,1,1243.98,0,3,0,Loyal Customers (VIP)
CUST2676,139,1,5571.0,0,3,0,Loyal Customers (VIP)
CUST2677,139,1,3889.7599999999998,0,3,0,Loyal Customers (VIP)
CUST2678,139,1,1518.84,0,3,0,Loyal Customers (VIP)
CUST2679,139,1,6870.4,0,3,0,Loyal Customers (VIP)
CUST2680,139,1,4905.28,0,3,0,Loyal Customers (VIP)
CUST2681,139,1,990.65,0,3,0,Loyal Customers (VIP)
CUST2682,139,1,2207.46,0,3,0,Loyal Customers (VIP)
CUST2683,139,1,1828.6100000000001,0,3,0,Loyal Customers (VIP)
CUST2684,139,1,924.03,0,3,0,Loyal Customers (VIP)
CUST2685,139,1,502.02,0,3,0,Loyal Customers (VIP)
CUST2686,139,1,2685.66,0,3,0,Loyal Customers (VIP)
CUST2687,139,1,4491.0,0,3,0,Loyal Customers (VIP)
CUST2690,138,1,4158.7,0,3,0,Loyal Customers (VIP)
CUST2691,138,1,716.55,0,3,0,Loyal Customers (VIP)
CUST2695,138,1,3097.6,0,3,0,Loyal Customers (VIP)
CUST2696,138,1,5667.32,0,3,0,Loyal Customers (VIP)
CUST2697,138,1,1009.4,0,3,0,Loyal Customers (VIP)
CUST2698,138,1,1238.8799999999999,0,3,0,Loyal Customers (VIP)
CUST2699,138,1,2053.15,0,3,0,Loyal Customers (VIP)
CUST2702,138,1,143.76,0,3,0,Loyal Customers (VIP)
CUST2704,138,1,4656.75,0,3,0,Loyal Customers (VIP)
CUST2707,138,1,4258.0,0,3,0,Loyal Customers (VIP)
CUST2708,138,1,1193.1,0,3,0,Loyal Customers (VIP)
CUST2709,138,1,923.34,0,3,0,Loyal Customers (VIP)
CUST2710,138,1,1363.8,0,3,0,Loyal Customers (VIP)
CUST2711,138,1,16.8,0,3,0,Loyal Customers (VIP)
CUST2712,137,1,3524.95,0,3,0,Loyal Customers (VIP)
CUST2713,137,1,1200.42,0,3,0,Loyal Customers (VIP)
CUST2714,137,1,2728.1099999999997,0,3,0,Loyal Customers (VIP)
CUST2715,137,1,4049.9,0,3,0,Loyal Customers (VIP)
CUST2717,137,1,5399.57,0,3,0,Loyal Customers (VIP)
CUST2718,137,1,1145.2,0,3,0,Loyal Customers (VIP)
CUST2719,137,1,5709.6,0,3,0,Loyal Customers (VIP)
CUST2720,137,1,714.6,0,3,0,Loyal Customers (VIP)
CUST2722,137,1,605.45,0,3,0,Loyal Customers (VIP)
CUST2727,137,1,7378.099999999999,0,3,0,Loyal Customers (VIP)
CUST2729,137,1,4635.049999999999,0,3,0,Loyal Customers (VIP)
CUST2731,137,1,6025.35,0,3,0,Loyal Customers (VIP)
CUST2732,137,1,1253.04,0,3,0,Loyal Customers (VIP)
CUST2733,137,1,1020.3,0,3,0,Loyal Customers (VIP)
CUST2735,137,1,6061.52,0,3,0,Loyal Customers (VIP)
CUST2736,136,1,3065.08,0,3,0,Loyal Customers (VIP)
CUST2737,136,1,5007.36,0,3,0,Loyal Customers (VIP)
CUST2738,136,1,1747.13,0,3,0,Loyal Customers (VIP)
CUST2739,136,1,6481.42,0,3,0,Loyal Customers (VIP)
CUST2740,136,1,1314.88,0,3,0,Loyal Customers (VIP)
CUST2742,136,1,1193.8500000000001,0,3,0,Loyal Customers (VIP)
CUST2743,136,1,2125.6499999999996,0,3,0,Loyal Customers (VIP)
CUST2744,136,1,4800.8,0,3,0,Loyal Customers (VIP)
CUST2745,136,1,4554.4800000000005,0,3,0,Loyal Customers (VIP)
CUST2746,136,1,6098.76,0,3,0,Loyal Customers (VIP)
CUST2748,136,1,6826.259999999999,0,3,0,Loyal Customers (VIP)
CUST2749,136,1,6462.0,0,3,0,Loyal Customers (VIP)
CUST2751,136,1,24.07,0,3,0,Loyal Customers (VIP)
CUST2752,136,1,3107.13,0,3,0,Loyal Customers (VIP)
CUST2753,136,1,341.1,0,3,0,Loyal Customers (VIP)
CUST2754,136,1,7124.400000000001,0,3,0,Loyal Customers (VIP)
CUST2755,136,1,526.61,0,3,0,Loyal Customers (VIP)
CUST2756,136,1,695.52,0,3,0,Loyal Customers (VIP)
CUST2757,136,1,4840.47,0,3,0,Loyal Customers (VIP)
CUST2758,136,1,899.55,0,3,0,Loyal Customers (VIP)
CUST2759,136,1,4981.2,0,3,0,Loyal Customers (VIP)
CUST2760,135,1,576.96,0,3,0,Loyal Customers (VIP)
CUST2761,135,1,4674.88,0,3,0,Loyal Customers (VIP)
CUST2762,135,1,2711.46,0,3,0,Loyal Customers (VIP)
CUST2763,135,1,3972.72,0,3,0,Loyal Customers (VIP)
CUST2765,135,1,270.9,0,3,0,Loyal Customers (VIP)
CUST2766,135,1,445.12,0,3,0,Loyal Customers (VIP)
CUST2767,135,1,2897.5499999999997,0,3,0,Loyal Customers (VIP)
CUST2768,135,1,6127.92,0,3,0,Loyal Customers (VIP)
CUST2770,135,1,4076.64,0,3,0,Loyal Customers (VIP)
CUST2771,135,1,5700.51,0,3,0,Loyal Customers (VIP)
CUST2772,135,1,540.95,0,3,0,Loyal Customers (VIP)
CUST2774,135,1,4124.54,0,3,0,Loyal Customers (VIP)
CUST2776,135,1,290.6,0,3,0,Loyal Customers (VIP)
CUST2777,135,1,1958.16,0,3,0,Loyal Customers (VIP)
CUST2778,135,1,312.57,0,3,0,Loyal Customers (VIP)
CUST2780,135,1,3537.4300000000003,0,3,0,Loyal Customers (VIP)
CUST2782,135,1,5575.2,0,3,0,Loyal Customers (VIP)
CUST2783,135,1,1707.3100000000002,0,3,0,Loyal Customers (VIP)
CUST2784,134,1,979.4399999999999,0,3,0,Loyal Customers (VIP)
CUST2785,134,1,2220.1499999999996,0,3,0,Loyal Customers (VIP)
CUST2787,134,1,3285.5,0,3,0,Loyal Customers (VIP)
CUST2788,134,1,6298.16,0,3,0,Loyal Customers (VIP)
CUST2789,134,1,5235.54,0,3,0,Loyal Customers (VIP)
CUST2790,134,1,118.48,0,3,0,Loyal Customers (VIP)
CUST2791,134,1,672.02,0,3,0,Loyal Customers (VIP)
CUST2792,134,1,1250.4,0,3,0,Loyal Customers (VIP)
CUST2793,134,1,326.21,0,3,0,Loyal Customers (VIP)
CUST2794,134,1,5518.5,0,3,0,Loyal Customers (VIP)
CUST2796,134,1,2751.63,0,3,0,Loyal Customers (VIP)
CUST2797,134,1,2988.3700000000003,0,3,0,Loyal Customers (VIP)
CUST2799,134,1,2737.52,0,3,0,Loyal Customers (VIP)
CUST2800,134,1,360.20000000000005,0,3,0,Loyal Customers (VIP)
CUST2801,134,1,1092.15,0,3,0,Loyal Customers (VIP)
CUST2802,134,1,1645.04,0,3,0,Loyal Customers (VIP)
CUST2803,134,1,4341.69,0,3,0,Loyal Customers (VIP)
CUST2804,134,1,6934.14,0,3,0,Loyal Customers (VIP)
CUST2805,134,1,4728.88,0,3,0,Loyal Customers (VIP)
CUST2806,134,1,2161.74,0,3,0,Loyal Customers (VIP)
CUST2807,134,1,2262.96,0,3,0,Loyal Customers (VIP)
CUST2809,133,1,405.98,0,3,0,Loyal Customers (VIP)
CUST2811,133,1,6763.799999999999,0,3,0,Loyal Customers (VIP)
CUST2812,133,1,1996.82,0,3,0,Loyal Customers (VIP)
CUST2813,133,1,3355.0,0,3,0,Loyal Customers (VIP)
CUST2815,133,1,3526.2000000000003,0,3,0,Loyal Customers (VIP)
CUST2816,133,1,5925.68,0,3,0,Loyal Customers (VIP)
CUST2817,133,1,5688.0599999999995,0,3,0,Loyal Customers (VIP)
CUST2818,133,1,763.92,0,3,0,Loyal Customers (VIP)
CUST2820,133,1,4899.72,0,3,0,Loyal Customers (VIP)
CUST2822,133,1,5851.02,0,3,0,Loyal Customers (VIP)
CUST2823,133,1,1192.38,0,3,0,Loyal Customers (VIP)
CUST2824,133,1,235.6,0,3,0,Loyal Customers (VIP)
CUST2826,133,1,1495.8600000000001,0,3,0,Loyal Customers (VIP)
CUST2828,133,1,365.52,0,3,0,Loyal Customers (VIP)
CUST2830,133,1,2758.89,0,3,0,Loyal Customers (VIP)
CUST2833,132,1,2736.3999999999996,0,3,0,Loyal Customers (VIP)
CUST2834,132,1,529.88,0,3,0,Loyal Customers (VIP)
CUST2836,132,1,2462.22,0,3,0,Loyal Customers (VIP)
CUST2838,132,1,2739.76,0,3,0,Loyal Customers (VIP)
CUST2839,132,1,1942.2,0,3,0,Loyal Customers (VIP)
CUST2840,132,1,4823.490000000001,0,3,0,Loyal Customers (VIP)
CUST2841,132,1,1667.0500000000002,0,3,0,Loyal Customers (VIP)
CUST2842,132,1,4627.5599999999995,0,3,0,Loyal Customers (VIP)
CUST2843,132,1,4042.71,0,3,0,Loyal Customers (VIP)
CUST2844,132,1,5130.5,0,3,0,Loyal Customers (VIP)
CUST2846,132,1,4905.18,0,3,0,Loyal Customers (VIP)
CUST2848,132,1,3144.56,0,3,0,Loyal Customers (VIP)
CUST2849,132,1,4777.889999999999,0,3,0,Loyal Customers (VIP)
CUST2850,132,1,6319.41,0,3,0,Loyal Customers (VIP)
CUST2851,132,1,115.39,0,3,0,Loyal Customers (VIP)
CUST2852,132,1,3652.5,0,3,0,Loyal Customers (VIP)
CUST2853,132,1,2552.2700000000004,0,3,0,Loyal Customers (VIP)
CUST2854,132,1,4704.4800000000005,0,3,0,Loyal Customers (VIP)
CUST2857,131,1,5176.349999999999,0,3,0,Loyal Customers (VIP)
CUST2858,131,1,821.56,0,3,0,Loyal Customers (VIP)
CUST2859,131,1,2211.8700000000003,0,3,0,Loyal Customers (VIP)
CUST2860,131,1,6407.68,0,3,0,Loyal Customers (VIP)
CUST2861,131,1,1487.52,0,3,0,Loyal Customers (VIP)
CUST2867,131,1,3816.2,0,3,0,Loyal Customers (VIP)
CUST2869,131,1,2166.96,0,3,0,Loyal Customers (VIP)
CUST2871,131,1,950.3,0,3,0,Loyal Customers (VIP)
CUST2872,131,1,2059.96,0,3,0,Loyal Customers (VIP)
CUST2873,131,1,2296.16,0,3,0,Loyal Customers (VIP)
CUST2874,131,1,5461.799999999999,0,3,0,Loyal Customers (VIP)
CUST2876,131,1,2524.59,0,3,0,Loyal Customers (VIP)
CUST2877,131,1,4234.16,0,3,0,Loyal Customers (VIP)
CUST2878,131,1,1337.0,0,3,0,Loyal Customers (VIP)
CUST2879,131,1,438.78,0,3,0,Loyal Customers (VIP)
CUST2882,130,1,4928.219999999999,0,3,0,Loyal Customers (VIP)
CUST2886,130,1,3322.48,0,3,0,Loyal Customers (VIP)
CUST2888,130,1,867.96,0,3,0,Loyal Customers (VIP)
CUST2889,130,1,5410.68,0,3,0,Loyal Customers (VIP)
CUST2890,130,1,3402.8999999999996,0,3,0,Loyal Customers (VIP)
CUST2891,130,1,1769.16,0,3,0,Loyal Customers (VIP)
CUST2892,130,1,1091.3,0,3,0,Loyal Customers (VIP)
CUST2893,130,1,1520.4,0,3,0,Loyal Customers (VIP)
CUST2894,130,1,654.0,0,3,0,Loyal Customers (VIP)
CUST2895,130,1,1683.01,0,3,0,Loyal Customers (VIP)
CUST2897,130,1,1119.3600000000001,0,3,0,Loyal Customers (VIP)
CUST2898,130,1,1161.6499999999999,0,3,0,Loyal Customers (VIP)
CUST2899,130,1,1525.0,0,3,0,Loyal Customers (VIP)
CUST2901,130,1,41.73,0,3,0,Loyal Customers (VIP)
CUST2902,130,1,4904.1,0,3,0,Loyal Customers (VIP)
CUST2903,130,1,5637.92,0,3,0,Loyal Customers (VIP)
CUST2904,129,1,2433.34,0,3,0,Loyal Customers (VIP)
CUST2907,129,1,5775.7,0,3,0,Loyal Customers (VIP)
CUST2911,129,1,3614.32,0,3,0,Loyal Customers (VIP)
CUST2912,129,1,2519.92,0,3,0,Loyal Customers (VIP)
CUST2913,129,1,1848.09,0,3,0,Loyal Customers (VIP)
CUST2914,129,1,4110.24,0,3,0,Loyal Customers (VIP)
CUST2915,129,1,3616.28,0,3,0,Loyal Customers (VIP)
CUST2918,129,1,1362.24,0,3,0,Loyal Customers (VIP)
CUST2919,129,1,4829.22,0,3,0,Loyal Customers (VIP)
CUST2921,129,1,4781.92,0,3,0,Loyal Customers (VIP)
CUST2922,129,1,6021.33,0,3,0,Loyal Customers (VIP)
CUST2923,129,1,4050.0,0,3,0,Loyal Customers (VIP)
CUST2924,129,1,3219.1200000000003,0,3,0,Loyal Customers (VIP)
CUST2925,129,1,1684.2,0,3,0,Loyal Customers (VIP)
CUST2929,128,1,445.88,0,3,0,Loyal Customers (VIP)
CUST2931,128,1,3712.32,0,3,0,Loyal Customers (VIP)
CUST2933,128,1,3522.54,0,3,0,Loyal Customers (VIP)
CUST2934,128,1,4156.25,0,3,0,Loyal Customers (VIP)
CUST2935,128,1,3878.7000000000003,0,3,0,Loyal Customers (VIP)
CUST2936,128,1,2542.64,0,3,0,Loyal Customers (VIP)
CUST2937,128,1,642.12,0,3,0,Loyal Customers (VIP)
CUST2939,128,1,3874.5,0,3,0,Loyal Customers (VIP)
CUST2940,128,1,3274.46,0,3,0,Loyal Customers (VIP)
CUST2941,128,1,4482.54,0,3,0,Loyal Customers (VIP)
CUST2942,128,1,51.0,0,3,0,Loyal Customers (VIP)
CUST2943,128,1,4104.54,0,3,0,Loyal Customers (VIP)
CUST2944,128,1,2101.16,0,3,0,Loyal Customers (VIP)
CUST2945,128,1,2749.5,0,3,0,Loyal Customers (VIP)
CUST2946,128,1,2938.1800000000003,0,3,0,Loyal Customers (VIP)
CUST2947,128,1,3839.36,0,3,0,Loyal Customers (VIP)
CUST2949,128,1,4830.32,0,3,0,Loyal Customers (VIP)
CUST2951,128,1,3973.84,0,3,0,Loyal Customers (VIP)
CUST2952,127,1,285.08,0,3,0,Loyal Customers (VIP)
CUST2953,127,1,528.9200000000001,0,3,0,Loyal Customers (VIP)
CUST2954,127,1,58.10000000000001,0,3,0,Loyal Customers (VIP)
CUST2955,127,1,3910.56,0,3,0,Loyal Customers (VIP)
CUST2956,127,1,1606.0,0,3,0,Loyal Customers (VIP)
CUST2958,127,1,442.75,0,3,0,Loyal Customers (VIP)
CUST2959,127,1,2617.84,0,3,0,Loyal Customers (VIP)
CUST2960,127,1,813.58,0,3,0,Loyal Customers (VIP)
CUST2961,127,1,1112.0,0,3,0,Loyal Customers (VIP)
CUST2962,127,1,5370.78,0,3,0,Loyal Customers (VIP)
CUST2965,127,1,4167.0,0,3,0,Loyal Customers (VIP)
CUST2966,127,1,5313.69,0,3,0,Loyal Customers (VIP)
CUST2968,127,1,2598.1499999999996,0,3,0,Loyal Customers (VIP)
CUST2970,127,1,2788.48,0,3,0,Loyal Customers (VIP)
CUST2971,127,1,1981.44,0,3,0,Loyal Customers (VIP)
CUST2972,127,1,746.07,0,3,0,Loyal Customers (VIP)
CUST2973,127,1,2218.06,0,3,0,Loyal Customers (VIP)
CUST2974,127,1,4317.75,0,3,0,Loyal Customers (VIP)
CUST2975,127,1,831.36,0,3,0,Loyal Customers (VIP)
CUST2977,126,1,2173.04,0,3,0,Loyal Customers (VIP)
CUST2979,126,1,5405.2,0,3,0,Loyal Customers (VIP)
CUST2980,126,1,1812.3600000000001,0,3,0,Loyal Customers (VIP)
CUST2981,126,1,1123.18,0,3,0,Loyal Customers (VIP)
CUST2983,126,1,225.71999999999997,0,3,0,Loyal Customers (VIP)
CUST2984,126,1,2514.4,0,3,0,Loyal Customers (VIP)
CUST2988,126,1,2714.3199999999997,0,3,0,Loyal Customers (VIP)
CUST2989,126,1,4204.96,0,3,0,Loyal Customers (VIP)
CUST2991,126,1,2890.77,0,3,0,Loyal Customers (VIP)
CUST2994,126,1,2792.56,0,3,0,Loyal Customers (VIP)
CUST2995,126,1,3699.12,0,3,0,Loyal Customers (VIP)
CUST2996,126,1,241.6,0,3,0,Loyal Customers (VIP)
CUST2997,126,1,3500.5600000000004,0,3,0,Loyal Customers (VIP)
CUST2999,126,1,6025.92,0,3,0,Loyal Customers (VIP)
CUST3000,125,1,5349.1900000000005,0,3,0,Loyal Customers (VIP)
CUST3002,125,1,938.6,0,3,0,Loyal Customers (VIP)
CUST3003,125,1,1990.02,0,3,0,Loyal Customers (VIP)
CUST3005,125,1,2190.54,0,3,0,Loyal Customers (VIP)
CUST3006,125,1,2141.49,0,3,0,Loyal Customers (VIP)
CUST3007,125,1,3193.92,0,3,0,Loyal Customers (VIP)
CUST3008,125,1,4189.04,0,3,0,Loyal Customers (VIP)
CUST3011,125,1,2800.14,0,3,0,Loyal Customers (VIP)
CUST3013,125,1,1998.56,0,3,0,Loyal Customers (VIP)
CUST3017,125,1,3193.0,0,3,0,Loyal Customers (VIP)
CUST3019,125,1,5739.299999999999,0,3,0,Loyal Customers (VIP)
CUST3020,125,1,1389.38,0,3,0,Loyal Customers (VIP)
CUST3021,125,1,105.36,0,3,0,Loyal Customers (VIP)
CUST3022,125,1,2192.6800000000003,0,3,0,Loyal Customers (VIP)
CUST3023,125,1,1287.0,0,3,0,Loyal Customers (VIP)
CUST3026,124,1,1396.44,0,3,0,Loyal Customers (VIP)
CUST3027,124,1,2805.39,0,3,0,Loyal Customers (VIP)
CUST3028,124,1,2562.21,0,3,0,Loyal Customers (VIP)
CUST3029,124,1,1477.1999999999998,0,3,0,Loyal Customers (VIP)
CUST3030,124,1,2962.68,0,3,0,Loyal Customers (VIP)
CUST3031,124,1,3075.84,0,3,0,Loyal Customers (VIP)
CUST3032,124,1,1981.76,0,3,0,Loyal Customers (VIP)
CUST3034,124,1,581.45,0,3,0,Loyal Customers (VIP)
CUST3035,124,1,1776.8799999999999,0,3,0,Loyal Customers (VIP)
CUST3036,124,1,1012.74,0,3,0,Loyal Customers (VIP)
CUST3039,124,1,1547.0,0,3,0,Loyal Customers (VIP)
CUST3041,124,1,317.9,0,3,0,Loyal Customers (VIP)
CUST3042,124,1,218.33,0,3,0,Loyal Customers (VIP)
CUST3043,124,1,5351.68,0,3,0,Loyal Customers (VIP)
CUST3045,124,1,628.94,0,3,0,Loyal Customers (VIP)
CUST3048,123,1,845.1999999999999,0,3,0,Loyal Customers (VIP)
CUST3050,123,1,364.76,0,3,0,Loyal Customers (VIP)
CUST3052,123,1,2800.3500000000004,0,3,0,Loyal Customers (VIP)
CUST3053,123,1,3194.7000000000003,0,3,0,Loyal Customers (VIP)
CUST3054,123,1,2548.05,0,3,0,Loyal Customers (VIP)
CUST3056,123,1,1948.64,0,3,0,Loyal Customers (VIP)
CUST3061,123,1,4102.2,0,3,0,Loyal Customers (VIP)
CUST3064,123,1,2242.35,0,3,0,Loyal Customers (VIP)
CUST3066,123,1,50.56,0,3,0,Loyal Customers (VIP)
CUST3069,123,1,5602.2300000000005,0,3,0,Loyal Customers (VIP)
CUST3070,123,1,1156.22,0,3,0,Loyal Customers (VIP)
CUST3073,122,1,2554.56,0,3,0,Loyal Customers (VIP)
CUST3075,122,1,2872.92,0,3,0,Loyal Customers (VIP)
CUST3076,122,1,1921.5,0,3,0,Loyal Customers (VIP)
CUST3077,122,1,1307.84,0,3,0,Loyal Customers (VIP)
CUST3079,122,1,560.21,0,3,0,Loyal Customers (VIP)
CUST3080,122,1,1128.53,0,3,0,Loyal Customers (VIP)
CUST3081,122,1,728.14,0,3,0,Loyal Customers (VIP)
CUST3082,122,1,5224.32,0,3,0,Loyal Customers (VIP)
CUST3085,122,1,591.91,0,3,0,Loyal Customers (VIP)
CUST3086,122,1,5156.2,0,3,0,Loyal Customers (VIP)
CUST3088,122,1,523.27,0,3,0,Loyal Customers (VIP)
CUST3092,122,1,1146.92,0,3,0,Loyal Customers (VIP)
CUST3093,122,1,982.53,0,3,0,Loyal Customers (VIP)
CUST3102,121,1,2686.6499999999996,0,3,0,Loyal Customers (VIP)
CUST3104,121,1,713.04,0,3,0,Loyal Customers (VIP)
CUST3105,121,1,5525.01,0,3,0,Loyal Customers (VIP)
CUST3106,121,1,3080.12,0,3,0,Loyal Customers (VIP)
CUST3107,121,1,1404.8999999999999,0,3,0,Loyal Customers (VIP)
CUST3109,121,1,1348.47,0,3,0,Loyal Customers (VIP)
CUST3110,121,1,5274.299999999999,0,3,0,Loyal Customers (VIP)
CUST3111,121,1,3048.32,0,3,0,Loyal Customers (VIP)
CUST3112,121,1,2911.38,0,3,0,Loyal Customers (VIP)
CUST3114,121,1,2358.72,0,3,0,Loyal Customers (VIP)
CUST3117,121,1,3009.6,0,3,0,Loyal Customers (VIP)
CUST3118,121,1,865.44,0,3,0,Loyal Customers (VIP)
CUST3119,121,1,1339.6,0,3,0,Loyal Customers (VIP)
CUST3120,120,1,1424.34,0,3,0,Loyal Customers (VIP)
CUST3122,120,1,2347.7000000000003,0,3,0,Loyal Customers (VIP)
CUST3124,120,1,2577.6800000000003,0,3,0,Loyal Customers (VIP)
CUST3125,120,1,2991.48,0,3,0,Loyal Customers (VIP)
CUST3126,120,1,3160.72,0,3,0,Loyal Customers (VIP)
CUST3127,120,1,3076.3,0,3,0,Loyal Customers (VIP)
CUST3128,120,1,2755.55,0,3,0,Loyal Customers (VIP)
CUST3129,120,1,1776.0,0,3,0,Loyal Customers (VIP)
CUST3130,120,1,5148.24,0,3,0,Loyal Customers (VIP)
CUST3132,120,1,3379.09,0,3,0,Loyal Customers (VIP)
CUST3136,120,1,676.96,0,3,0,Loyal Customers (VIP)
CUST3145,119,1,485.72,0,3,0,Loyal Customers (VIP)
CUST3146,119,1,3026.24,0,3,0,Loyal Customers (VIP)
CUST3149,119,1,1553.4299999999998,0,3,0,Loyal Customers (VIP)
CUST3150,119,1,2510.9,0,3,0,Loyal Customers (VIP)
CUST3151,119,1,1493.55,0,3,0,Loyal Customers (VIP)
CUST3152,119,1,2345.58,0,3,0,Loyal Customers (VIP)
CUST3155,119,1,896.28,0,3,0,Loyal Customers (VIP)
CUST3157,119,1,5013.4800000000005,0,3,0,Loyal Customers (VIP)
CUST3158,119,1,2508.84,0,3,0,Loyal Customers (VIP)
CUST3160,119,1,2264.9700000000003,0,3,0,Loyal Customers (VIP)
CUST3161,119,1,871.56,0,3,0,Loyal Customers (VIP)
CUST3164,119,1,1237.4699999999998,0,3,0,Loyal Customers (VIP)
CUST3165,119,1,3261.92,0,3,0,Loyal Customers (VIP)
CUST3166,119,1,990.5699999999999,0,3,0,Loyal Customers (VIP)
CUST3169,118,1,2838.93,0,3,0,Loyal Customers (VIP)
CUST3171,118,1,2597.26,0,3,0,Loyal Customers (VIP)
CUST3172,118,1,347.54,0,3,0,Loyal Customers (VIP)
CUST3173,118,1,2982.8999999999996,0,3,0,Loyal Customers (VIP)
CUST3175,118,1,447.92,0,3,0,Loyal Customers (VIP)
CUST3176,118,1,1041.25,0,3,0,Loyal Customers (VIP)
CUST3179,118,1,1162.95,0,3,0,Loyal Customers (VIP)
CUST3180,118,1,1655.3,0,3,0,Loyal Customers (VIP)
CUST3182,118,1,102.72,0,3,0,Loyal Customers (VIP)
CUST3183,118,1,3287.88,0,3,0,Loyal Customers (VIP)
CUST3185,118,1,3400.04,0,3,0,Loyal Customers (VIP)
CUST3186,118,1,637.26,0,3,0,Loyal Customers (VIP)
CUST3194,117,1,1455.88,0,3,0,Loyal Customers (VIP)
CUST3195,117,1,673.2,0,3,0,Loyal Customers (VIP)
CUST3197,117,1,2927.2,0,3,0,Loyal Customers (VIP)
CUST3198,117,1,5.59,0,3,0,Loyal Customers (VIP)
CUST3199,117,1,491.18999999999994,0,3,0,Loyal Customers (VIP)
CUST3200,117,1,2451.5099999999998,0,3,0,Loyal Customers (VIP)
CUST3201,117,1,1369.3400000000001,0,3,0,Loyal Customers (VIP)
CUST3202,117,1,1830.96,0,3,0,Loyal Customers (VIP)
CUST3203,117,1,1480.9,0,3,0,Loyal Customers (VIP)
CUST3206,117,1,185.81,0,3,0,Loyal Customers (VIP)
CUST3209,117,1,2115.0299999999997,0,3,0,Loyal Customers (VIP)
CUST3211,117,1,623.62,0,3,0,Loyal Customers (VIP)
CUST3213,117,1,2216.94,0,3,0,Loyal Customers (VIP)
CUST3218,116,1,952.56,0,3,0,Loyal Customers (VIP)
CUST3221,116,1,2745.4900000000002,0,3,0,Loyal Customers (VIP)
CUST3223,116,1,2262.44,0,3,0,Loyal Customers (VIP)
CUST3224,116,1,717.12,0,3,0,Loyal Customers (VIP)
CUST3225,116,1,1370.48,0,3,0,Loyal Customers (VIP)
CUST3226,116,1,1770.04,0,3,0,Loyal Customers (VIP)
CUST3228,116,1,255.31,0,3,0,Loyal Customers (VIP)
CUST3229,116,1,73.59,0,3,0,Loyal Customers (VIP)
CUST3230,116,1,879.93,0,3,0,Loyal Customers (VIP)
CUST3231,116,1,2292.29,0,3,0,Loyal Customers (VIP)
CUST3233,116,1,1682.84,0,3,0,Loyal Customers (VIP)
CUST3234,116,1,2250.05,0,3,0,Loyal Customers (VIP)
CUST3239,116,1,443.64,0,3,0,Loyal Customers (VIP)
CUST3243,115,1,460.44,0,3,0,Loyal Customers (VIP)
CUST3245,115,1,1457.01,0,3,0,Loyal Customers (VIP)
CUST3246,115,1,1551.46,0,3,0,Loyal Customers (VIP)
CUST3247,115,1,2139.04,0,3,0,Loyal Customers (VIP)
CUST3250,115,1,2781.1000000000004,0,3,0,Loyal Customers (VIP)
CUST3252,115,1,2972.96,0,3,0,Loyal Customers (VIP)
CUST3254,115,1,599.65,0,3,0,Loyal Customers (VIP)
CUST3257,115,1,138.18,0,3,0,Loyal Customers (VIP)
CUST3258,115,1,1908.9399999999998,0,3,0,Loyal Customers (VIP)
CUST3259,115,1,879.04,0,3,0,Loyal Customers (VIP)
CUST3260,115,1,602.46,0,3,0,Loyal Customers (VIP)
CUST3262,115,1,1165.72,0,3,0,Loyal Customers (VIP)
CUST3264,114,1,297.0,0,3,0,Loyal Customers (VIP)
CUST3266,114,1,1180.71,0,3,0,Loyal Customers (VIP)
CUST3271,114,1,2851.8,0,3,0,Loyal Customers (VIP)
CUST3272,114,1,2243.8,0,3,0,Loyal Customers (VIP)
CUST3273,114,1,1683.3700000000001,0,3,0,Loyal Customers (VIP)
CUST3274,114,1,2076.63,0,3,0,Loyal Customers (VIP)
CUST3276,114,1,206.64,0,3,0,Loyal Customers (VIP)
CUST3277,114,1,1657.7400000000002,0,3,0,Loyal Customers (VIP)
CUST3278,114,1,2834.28,0,3,0,Loyal Customers (VIP)
CUST3280,114,1,214.4,0,3,0,Loyal Customers (VIP)
CUST3282,114,1,1824.36,0,3,0,Loyal Customers (VIP)
CUST3283,114,1,2106.4,0,3,0,Loyal Customers (VIP)
CUST3285,114,1,1243.44,0,3,0,Loyal Customers (VIP)
CUST3286,114,1,2318.6,0,3,0,Loyal Customers (VIP)
CUST3289,113,1,2955.05,0,3,0,Loyal Customers (VIP)
CUST3291,113,1,2189.68,0,3,0,Loyal Customers (VIP)
CUST3292,113,1,1307.84,0,3,0,Loyal Customers (VIP)
CUST3293,113,1,2175.95,0,3,0,Loyal Customers (VIP)
CUST3295,113,1,269.88,0,3,0,Loyal Customers (VIP)
CUST3297,113,1,1029.68,0,3,0,Loyal Customers (VIP)
CUST3298,113,1,2428.58,0,3,0,Loyal Customers (VIP)
CUST3303,113,1,2615.13,0,3,0,Loyal Customers (VIP)
CUST3304,113,1,508.43,0,3,0,Loyal Customers (VIP)
CUST3306,113,1,1100.26,0,3,0,Loyal Customers (VIP)
CUST3307,113,1,420.16,0,3,0,Loyal Customers (VIP)
CUST3314,112,1,2338.2,0,3,0,Loyal Customers (VIP)
CUST3320,112,1,649.95,0,3,0,Loyal Customers (VIP)
CUST3325,112,1,590.1,0,3,0,Loyal Customers (VIP)
CUST3326,112,1,1899.9,0,3,0,Loyal Customers (VIP)
CUST3329,112,1,1777.8,0,3,0,Loyal Customers (VIP)
CUST3332,112,1,2615.2999999999997,0,3,0,Loyal Customers (VIP)
CUST3336,111,1,3086.65,0,3,0,Loyal Customers (VIP)
CUST3338,111,1,1066.35,0,3,0,Loyal Customers (VIP)
CUST3341,111,1,351.2,0,3,0,Loyal Customers (VIP)
CUST3343,111,1,1451.0,0,3,0,Loyal Customers (VIP)
CUST3345,111,1,2398.62,0,3,0,Loyal Customers (VIP)
CUST3348,111,1,284.45,0,3,0,Loyal Customers (VIP)
CUST3350,111,1,1395.24,0,3,0,Loyal Customers (VIP)
CUST3351,111,1,1633.8000000000002,0,3,0,Loyal Customers (VIP)
CUST3354,111,1,957.1800000000001,0,3,0,Loyal Customers (VIP)
CUST3355,111,1,734.61,0,3,0,Loyal Customers (VIP)
CUST3356,111,1,658.81,0,3,0,Loyal Customers (VIP)
CUST3357,111,1,796.93,0,3,0,Loyal Customers (VIP)
CUST3362,110,1,355.87,0,3,0,Loyal Customers (VIP)
CUST3363,110,1,681.2,0,3,0,Loyal Customers (VIP)
CUST3366,110,1,1342.92,0,3,0,Loyal Customers (VIP)
CUST3368,110,1,2973.18,0,3,0,Loyal Customers (VIP)
CUST3373,110,1,2441.4900000000002,0,3,0,Loyal Customers (VIP)
CUST3374,110,1,2292.96,0,3,0,Loyal Customers (VIP)
CUST3376,110,1,1190.73,0,3,0,Loyal Customers (VIP)
CUST3377,110,1,1448.16,0,3,0,Loyal Customers (VIP)
CUST3379,110,1,37.21,0,3,0,Loyal Customers (VIP)
CUST3381,110,1,2351.52,0,3,0,Loyal Customers (VIP)
CUST3382,110,1,3235.84,0,3,0,Loyal Customers (VIP)
CUST3383,110,1,1365.28,0,3,0,Loyal Customers (VIP)
CUST3384,109,1,1223.64,0,3,0,Loyal Customers (VIP)
CUST3386,109,1,228.56,0,3,0,Loyal Customers (VIP)
CUST3388,109,1,81.26,0,3,0,Loyal Customers (VIP)
CUST3390,109,1,2281.98,0,3,0,Loyal Customers (VIP)
CUST3391,109,1,3421.44,0,3,0,Loyal Customers (VIP)
CUST3392,109,1,3563.82,0,3,0,Loyal Customers (VIP)
CUST3393,109,1,1141.65,0,3,0,Loyal Customers (VIP)
CUST3394,109,1,1309.23,0,3,0,Loyal Customers (VIP)
CUST3395,109,1,283.41,0,3,0,Loyal Customers (VIP)
CUST3396,109,1,1477.28,0,3,0,Loyal Customers (VIP)
CUST3402,109,1,77.56,0,3,0,Loyal Customers (VIP)
CUST3404,109,1,3348.1,0,3,0,Loyal Customers (VIP)
CUST3405,109,1,2121.28,0,3,0,Loyal Customers (VIP)
CUST3407,109,1,881.98,0,3,0,Loyal Customers (VIP)
CUST3408,108,1,960.8,0,3,0,Loyal Customers (VIP)
CUST3409,108,1,665.22,0,3,0,Loyal Customers (VIP)
CUST3411,108,1,397.87,0,3,0,Loyal Customers (VIP)
CUST3414,108,1,2673.5099999999998,0,3,0,Loyal Customers (VIP)
CUST3415,108,1,525.14,0,3,0,Loyal Customers (VIP)
CUST3416,108,1,82.39,0,3,0,Loyal Customers (VIP)
CUST3417,108,1,771.32,0,3,0,Loyal Customers (VIP)
CUST3418,108,1,1935.56,0,3,0,Loyal Customers (VIP)
CUST3420,108,1,1193.08,0,3,0,Loyal Customers (VIP)
CUST3421,108,1,994.16,0,3,0,Loyal Customers (VIP)
CUST3422,108,1,1196.52,0,3,0,Loyal Customers (VIP)
CUST3425,108,1,1897.35,0,3,0,Loyal Customers (VIP)
CUST3427,108,1,3225.0,0,3,0,Loyal Customers (VIP)
CUST3431,108,1,1333.6399999999999,0,3,0,Loyal Customers (VIP)
CUST3432,107,1,1431.72,0,3,0,Loyal Customers (VIP)
CUST3434,107,1,2118.71,0,3,0,Loyal Customers (VIP)
CUST3437,107,1,1004.68,0,3,0,Loyal Customers (VIP)
CUST3438,107,1,1789.76,0,3,0,Loyal Customers (VIP)
CUST3439,107,1,2580.36,0,3,0,Loyal Customers (VIP)
CUST3440,107,1,2390.7,0,3,0,Loyal Customers (VIP)
CUST3441,107,1,2203.85,0,3,0,Loyal Customers (VIP)
CUST3444,107,1,596.22,0,3,0,Loyal Customers (VIP)
CUST3445,107,1,746.11,0,3,0,Loyal Customers (VIP)
CUST3446,107,1,1832.08,0,3,0,Loyal Customers (VIP)
CUST3449,107,1,1060.6999999999998,0,3,0,Loyal Customers (VIP)
CUST3450,107,1,1784.7599999999998,0,3,0,Loyal Customers (VIP)
CUST3451,107,1,1928.6399999999999,0,3,0,Loyal Customers (VIP)
CUST3453,107,1,1419.1999999999998,0,3,0,Loyal Customers (VIP)
CUST3454,107,1,2716.3,0,3,0,Loyal Customers (VIP)
CUST3459,106,1,25.21,0,3,0,Loyal Customers (VIP)
CUST3461,106,1,273.68,0,3,0,Loyal Customers (VIP)
CUST3462,106,1,3184.17,0,3,0,Loyal Customers (VIP)
CUST3471,106,1,2017.3500000000001,0,3,0,Loyal Customers (VIP)
CUST3472,106,1,2045.05,0,3,0,Loyal Customers (VIP)
CUST3477,106,1,2288.52,0,3,0,Loyal Customers (VIP)
CUST3479,106,1,390.69,0,3,0,Loyal Customers (VIP)
CUST3480,105,1,2138.18,0,3,0,Loyal Customers (VIP)
CUST3482,105,1,2236.68,0,3,0,Loyal Customers (VIP)
CUST3483,105,1,3031.14,0,3,0,Loyal Customers (VIP)
CUST3486,105,1,2481.76,0,3,0,Loyal Customers (VIP)
CUST3487,105,1,1002.96,0,3,0,Loyal Customers (VIP)
CUST3492,105,1,2292.0,0,3,0,Loyal Customers (VIP)
CUST3494,105,1,3150.7200000000003,0,3,0,Loyal Customers (VIP)
CUST3495,105,1,819.23,0,3,0,Loyal Customers (VIP)
CUST3496,105,1,1885.0,0,3,0,Loyal Customers (VIP)
CUST3498,105,1,686.66,0,3,0,Loyal Customers (VIP)
CUST3499,105,1,1317.48,0,3,0,Loyal Customers (VIP)
CUST3503,105,1,343.74,0,3,0,Loyal Customers (VIP)
