CustomerID,Recency,Frequency,Monetary,Cluster_KMeans,Cluster_Hierarchical,Cluster_DBSCAN,Customer Type
CUST3506,104,1,5706.96,1,2,0,Potential Loyalists
CUST3510,104,1,4305.42,1,2,0,Potential Loyalists
CUST3514,104,1,4512.86,1,2,0,Potential Loyalists
CUST3516,104,1,4737.0,1,2,0,Potential Loyalists
CUST3518,104,1,5858.19,1,2,0,Potential Loyalists
CUST3526,104,1,3453.03,1,2,0,Potential Loyalists
CUST3529,103,1,6084.08,1,2,0,Potential Loyalists
CUST3536,103,1,5566.860000000001,1,2,0,Potential Loyalists
CUST3541,103,1,4318.15,1,2,0,Potential Loyalists
CUST3542,103,1,4198.88,1,2,0,Potential Loyalists
CUST3545,103,1,3547.44,1,2,0,Potential Loyalists
CUST3548,103,1,4430.200000000001,1,2,0,Potential Loyalists
CUST3566,102,1,6568.200000000001,1,2,0,Potential Loyalists
CUST3575,102,1,4467.84,1,2,0,Potential Loyalists
CUST3579,101,1,3852.3599999999997,1,2,0,Potential Loyalists
CUST3583,101,1,6258.5,1,2,0,Potential Loyalists
CUST3585,101,1,3469.7999999999997,1,2,0,Potential Loyalists
CUST3586,101,1,6036.45,1,2,0,Potential Loyalists
CUST3592,101,1,5677.349999999999,1,2,0,Potential Loyalists
CUST3593,101,1,6075.16,1,2,0,Potential Loyalists
CUST3594,101,1,6404.16,1,2,0,Potential Loyalists
CUST3596,101,1,4387.53,1,2,0,Potential Loyalists
CUST3599,101,1,5264.6,1,2,0,Potential Loyalists
CUST3603,100,1,5227.88,1,2,0,Potential Loyalists
CUST3604,100,1,3931.84,1,2,0,Potential Loyalists
CUST3609,100,1,4615.29,1,2,0,Potential Loyalists
CUST3610,100,1,4650.45,1,2,0,Potential Loyalists
CUST3620,100,1,4984.45,1,2,0,Potential Loyalists
CUST3621,100,1,4595.16,1,2,0,Potential Loyalists
CUST3626,99,1,3933.8999999999996,1,2,0,Potential Loyalists
CUST3628,99,1,4833.12,1,2,0,Potential Loyalists
CUST3630,99,1,3216.54,1,2,0,Potential Loyalists
CUST3632,99,1,3539.52,1,2,0,Potential Loyalists
CUST3635,99,1,3286.15,1,2,0,Potential Loyalists
CUST3641,99,1,4942.200000000001,1,2,0,Potential Loyalists
CUST3643,99,1,6298.56,1,2,0,Potential Loyalists
CUST3648,98,1,4852.900000000001,1,2,0,Potential Loyalists
CUST3653,98,1,5426.91,1,2,0,Potential Loyalists
CUST3654,98,1,3454.0199999999995,1,2,0,Potential Loyalists
CUST3668,98,1,5283.6,1,2,0,Potential Loyalists
CUST3673,97,1,6459.599999999999,1,2,0,Potential Loyalists
CUST3675,97,1,4712.13,1,2,0,Potential Loyalists
CUST3677,97,1,5485.55,1,2,0,Potential Loyalists
CUST3684,97,1,4385.68,1,2,0,Potential Loyalists
CUST3685,97,1,4068.72,1,2,0,Potential Loyalists
CUST3690,97,1,4749.91,1,2,0,Potential Loyalists
CUST3691,97,1,3367.65,1,2,0,Potential Loyalists
CUST3693,97,1,3869.35,1,2,0,Potential Loyalists
CUST3699,96,1,5517.12,1,2,0,Potential Loyalists
CUST3701,96,1,4426.799999999999,1,2,0,Potential Loyalists
CUST3711,96,1,5228.16,1,2,0,Potential Loyalists
CUST3712,96,1,5016.0599999999995,1,2,0,Potential Loyalists
CUST3729,95,1,5872.509999999999,1,2,0,Potential Loyalists
CUST3732,95,1,4362.75,1,2,0,Potential Loyalists
CUST3738,95,1,4783.26,1,2,0,Potential Loyalists
CUST3739,95,1,3436.2000000000003,1,2,0,Potential Loyalists
CUST3744,94,1,3673.19,1,2,0,Potential Loyalists
CUST3745,94,1,6027.4800000000005,1,2,0,Potential Loyalists
CUST3748,94,1,3386.8899999999994,1,2,0,Potential Loyalists
CUST3755,94,1,5299.77,1,2,0,Potential Loyalists
CUST3757,94,1,6276.27,1,2,0,Potential Loyalists
CUST3759,94,1,6046.3,1,2,0,Potential Loyalists
CUST3760,94,1,6117.28,1,2,0,Potential Loyalists
CUST3764,94,1,5253.28,1,2,0,Potential Loyalists
CUST3765,94,1,3101.6,1,2,0,Potential Loyalists
CUST3768,93,1,3847.04,1,2,0,Potential Loyalists
CUST3774,93,1,5364.96,1,2,0,Potential Loyalists
CUST3779,93,1,6980.19,1,2,0,Potential Loyalists
CUST3780,93,1,4989.88,1,2,0,Potential Loyalists
CUST3782,93,1,3061.6000000000004,1,2,0,Potential Loyalists
CUST3786,93,1,4289.74,1,2,0,Potential Loyalists
CUST3792,92,1,3384.96,1,2,0,Potential Loyalists
CUST3793,92,1,6900.599999999999,1,2,0,Potential Loyalists
CUST3797,92,1,3145.68,1,2,0,Potential Loyalists
CUST3801,92,1,6415.599999999999,1,2,0,Potential Loyalists
CUST3809,92,1,4377.099999999999,1,2,0,Potential Loyalists
CUST3811,92,1,4757.12,1,2,0,Potential Loyalists
CUST3814,92,1,3001.2,1,2,0,Potential Loyalists
CUST3815,92,1,3240.32,1,2,0,Potential Loyalists
CUST3817,91,1,6482.42,1,2,0,Potential Loyalists
CUST3821,91,1,6893.36,1,2,0,Potential Loyalists
CUST3828,91,1,3450.2999999999997,1,2,0,Potential Loyalists
CUST3829,91,1,5283.900000000001,1,2,0,Potential Loyalists
CUST3835,91,1,5732.28,1,2,0,Potential Loyalists
CUST3837,91,1,7142.099999999999,1,2,0,Potential Loyalists
CUST3838,91,1,6956.509999999999,1,2,0,Potential Loyalists
CUST3840,90,1,3498.33,1,2,0,Potential Loyalists
CUST3842,90,1,6775.700000000001,1,2,0,Potential Loyalists
CUST3846,90,1,4495.35,1,2,0,Potential Loyalists
CUST3848,90,1,5781.88,1,2,0,Potential Loyalists
CUST3852,90,1,4024.2,1,2,0,Potential Loyalists
CUST3853,90,1,5418.7,1,2,0,Potential Loyalists
CUST3855,90,1,3514.15,1,2,0,Potential Loyalists
CUST3856,90,1,7011.799999999999,1,2,0,Potential Loyalists
CUST3860,90,1,3943.2000000000003,1,2,0,Potential Loyalists
CUST3861,90,1,5767.25,1,2,0,Potential Loyalists
CUST3863,90,1,6720.07,1,2,0,Potential Loyalists
CUST3869,89,1,5353.5599999999995,1,2,0,Potential Loyalists
CUST3876,89,1,4759.82,1,2,0,Potential Loyalists
CUST3881,89,1,5088.650000000001,1,2,0,Potential Loyalists
CUST3890,88,1,5107.34,1,2,0,Potential Loyalists
CUST3895,88,1,5551.18,1,2,0,Potential Loyalists
CUST3896,88,1,4083.1699999999996,1,2,0,Potential Loyalists
CUST3897,88,1,4700.71,1,2,0,Potential Loyalists
CUST3899,88,1,4431.9,1,2,0,Potential Loyalists
CUST3901,88,1,7013.5199999999995,1,2,0,Potential Loyalists
CUST3906,88,1,6456.42,1,2,0,Potential Loyalists
CUST3912,87,1,6301.76,1,2,0,Potential Loyalists
CUST3916,87,1,4366.2300000000005,1,2,0,Potential Loyalists
CUST3919,87,1,4594.860000000001,1,2,0,Potential Loyalists
CUST3926,87,1,6261.76,1,2,0,Potential Loyalists
CUST3929,87,1,3429.0099999999998,1,2,0,Potential Loyalists
CUST3934,87,1,6028.88,1,2,0,Potential Loyalists
CUST3935,87,1,5069.88,1,2,0,Potential Loyalists
CUST3936,86,1,4353.52,1,2,0,Potential Loyalists
CUST3942,86,1,4634.0,1,2,0,Potential Loyalists
CUST3943,86,1,3941.6400000000003,1,2,0,Potential Loyalists
CUST3951,86,1,4022.7999999999997,1,2,0,Potential Loyalists
CUST3954,86,1,2866.0,1,2,0,Potential Loyalists
CUST3955,86,1,3912.5,1,2,0,Potential Loyalists
CUST3962,85,1,4636.2,1,2,0,Potential Loyalists
CUST3964,85,1,3120.2999999999997,1,2,0,Potential Loyalists
CUST3966,85,1,3857.4,1,2,0,Potential Loyalists
CUST3967,85,1,6244.94,1,2,0,Potential Loyalists
CUST3973,85,1,6026.150000000001,1,2,0,Potential Loyalists
CUST3976,85,1,4511.63,1,2,0,Potential Loyalists
CUST3989,84,1,5559.12,1,2,0,Potential Loyalists
CUST3991,84,1,4315.15,1,2,0,Potential Loyalists
CUST3993,84,1,3207.76,1,2,0,Potential Loyalists
CUST3999,84,1,5267.360000000001,1,2,0,Potential Loyalists
CUST4001,84,1,3529.8,1,2,0,Potential Loyalists
CUST4003,84,1,5292.18,1,2,0,Potential Loyalists
CUST4006,84,1,6189.17,1,2,0,Potential Loyalists
CUST4008,83,1,3170.67,1,2,0,Potential Loyalists
CUST4010,83,1,4967.64,1,2,0,Potential Loyalists
CUST4011,83,1,5472.98,1,2,0,Potential Loyalists
CUST4012,83,1,6441.52,1,2,0,Potential Loyalists
CUST4014,83,1,5305.43,1,2,0,Potential Loyalists
CUST4016,83,1,4104.3,1,2,0,Potential Loyalists
CUST4020,83,1,5280.17,1,2,0,Potential Loyalists
CUST4028,83,1,4221.36,1,2,0,Potential Loyalists
CUST4029,83,1,3974.4,1,2,0,Potential Loyalists
CUST4030,83,1,2826.7200000000003,1,2,0,Potential Loyalists
CUST4035,82,1,3321.2,1,2,0,Potential Loyalists
CUST4036,82,1,5323.71,1,2,0,Potential Loyalists
CUST4038,82,1,1854.68,1,2,0,Potential Loyalists
CUST4041,82,1,2048.2799999999997,1,2,0,Potential Loyalists
CUST4042,82,1,2627.36,1,2,0,Potential Loyalists
CUST4044,82,1,5693.38,1,2,0,Potential Loyalists
CUST4045,82,1,2068.15,1,2,0,Potential Loyalists
CUST4046,82,1,4163.76,1,2,0,Potential Loyalists
CUST4047,82,1,3788.0499999999997,1,2,0,Potential Loyalists
CUST4048,82,1,3281.6,1,2,0,Potential Loyalists
CUST4050,82,1,6506.19,1,2,0,Potential Loyalists
CUST4051,82,1,3153.7799999999997,1,2,0,Potential Loyalists
CUST4053,82,1,6467.04,1,2,0,Potential Loyalists
CUST4054,82,1,2882.2200000000003,1,2,0,Potential Loyalists
CUST4061,81,1,4033.76,1,2,0,Potential Loyalists
CUST4062,81,1,5375.46,1,2,0,Potential Loyalists
CUST4063,81,1,6220.53,1,2,0,Potential Loyalists
CUST4064,81,1,4813.68,1,2,0,Potential Loyalists
CUST4066,81,1,7388.72,1,2,0,Potential Loyalists
CUST4067,81,1,7159.72,1,2,0,Potential Loyalists
CUST4070,81,1,3100.4,1,2,0,Potential Loyalists
CUST4071,81,1,5495.84,1,2,0,Potential Loyalists
CUST4073,81,1,6525.96,1,2,0,Potential Loyalists
CUST4074,81,1,6181.11,1,2,0,Potential Loyalists
CUST4077,81,1,1766.2,1,2,0,Potential Loyalists
CUST4080,80,1,2349.71,1,2,0,Potential Loyalists
CUST4081,80,1,3753.12,1,2,0,Potential Loyalists
CUST4082,80,1,2215.6,1,2,0,Potential Loyalists
CUST4085,80,1,1885.1499999999999,1,2,0,Potential Loyalists
CUST4087,80,1,2884.32,1,2,0,Potential Loyalists
CUST4089,80,1,3969.5,1,2,0,Potential Loyalists
CUST4090,80,1,4830.75,1,2,0,Potential Loyalists
CUST4091,80,1,4552.08,1,2,0,Potential Loyalists
CUST4092,80,1,3254.5099999999998,1,2,0,Potential Loyalists
CUST4093,80,1,5841.150000000001,1,2,0,Potential Loyalists
CUST4094,80,1,5873.34,1,2,0,Potential Loyalists
CUST4095,80,1,2842.19,1,2,0,Potential Loyalists
CUST4096,80,1,2923.8,1,2,0,Potential Loyalists
CUST4097,80,1,4661.44,1,2,0,Potential Loyalists
CUST4099,80,1,2023.8600000000001,1,2,0,Potential Loyalists
CUST4101,80,1,5810.01,1,2,0,Potential Loyalists
CUST4102,80,1,6165.9,1,2,0,Potential Loyalists
CUST4103,80,1,4020.25,1,2,0,Potential Loyalists
CUST4104,79,1,5291.28,1,2,0,Potential Loyalists
CUST4107,79,1,4365.77,1,2,0,Potential Loyalists
CUST4110,79,1,5292.72,1,2,0,Potential Loyalists
CUST4111,79,1,2461.44,1,2,0,Potential Loyalists
CUST4114,79,1,3269.6,1,2,0,Potential Loyalists
CUST4116,79,1,3805.76,1,2,0,Potential Loyalists
CUST4119,79,1,7341.12,1,2,0,Potential Loyalists
CUST4120,79,1,1706.88,1,2,0,Potential Loyalists
CUST4125,79,1,1786.5,1,2,0,Potential Loyalists
CUST4126,79,1,6691.92,1,2,0,Potential Loyalists
CUST4133,78,1,4657.65,1,2,0,Potential Loyalists
CUST4134,78,1,2291.3799999999997,1,2,0,Potential Loyalists
CUST4135,78,1,5106.360000000001,1,2,0,Potential Loyalists
CUST4137,78,1,2483.04,1,2,0,Potential Loyalists
CUST4138,78,1,7137.12,1,2,0,Potential Loyalists
CUST4141,78,1,2839.0,1,2,0,Potential Loyalists
CUST4144,78,1,6128.0,1,2,0,Potential Loyalists
CUST4150,78,1,3475.56,1,2,0,Potential Loyalists
CUST4151,78,1,3868.21,1,2,0,Potential Loyalists
CUST4152,77,1,3234.21,1,2,0,Potential Loyalists
CUST4156,77,1,1948.28,1,2,0,Potential Loyalists
CUST4159,77,1,3083.5099999999998,1,2,0,Potential Loyalists
CUST4160,77,1,5752.95,1,2,0,Potential Loyalists
CUST4162,77,1,3512.39,1,2,0,Potential Loyalists
CUST4163,77,1,2963.16,1,2,0,Potential Loyalists
CUST4165,77,1,6484.96,1,2,0,Potential Loyalists
CUST4167,77,1,3638.04,1,2,0,Potential Loyalists
CUST4168,77,1,1917.72,1,2,0,Potential Loyalists
CUST4172,77,1,1862.52,1,2,0,Potential Loyalists
CUST4174,77,1,5810.900000000001,1,2,0,Potential Loyalists
CUST4175,77,1,2727.84,1,2,0,Potential Loyalists
CUST4176,76,1,3551.81,1,2,0,Potential Loyalists
CUST4178,76,1,6504.08,1,2,0,Potential Loyalists
CUST4181,76,1,4186.15,1,2,0,Potential Loyalists
CUST4183,76,1,3096.2,1,2,0,Potential Loyalists
CUST4186,76,1,3299.16,1,2,0,Potential Loyalists
CUST4189,76,1,6450.29,1,2,0,Potential Loyalists
CUST4190,76,1,3049.92,1,2,0,Potential Loyalists
CUST4191,76,1,4348.92,1,2,0,Potential Loyalists
CUST4193,76,1,5371.870000000001,1,2,0,Potential Loyalists
CUST4197,76,1,6957.81,1,2,0,Potential Loyalists
CUST4198,76,1,4691.34,1,2,0,Potential Loyalists
CUST4199,76,1,3760.7999999999997,1,2,0,Potential Loyalists
CUST4200,75,1,2207.5499999999997,1,2,0,Potential Loyalists
CUST4201,75,1,3476.3,1,2,0,Potential Loyalists
CUST4203,75,1,2990.65,1,2,0,Potential Loyalists
CUST4205,75,1,4135.5,1,2,0,Potential Loyalists
CUST4206,75,1,6575.58,1,2,0,Potential Loyalists
CUST4210,75,1,4714.5599999999995,1,2,0,Potential Loyalists
CUST4211,75,1,3615.45,1,2,0,Potential Loyalists
CUST4212,75,1,2198.3,1,2,0,Potential Loyalists
CUST4213,75,1,3251.79,1,2,0,Potential Loyalists
CUST4217,75,1,3875.3500000000004,1,2,0,Potential Loyalists
CUST4219,75,1,5885.88,1,2,0,Potential Loyalists
CUST4231,74,1,3267.92,1,2,0,Potential Loyalists
CUST4235,74,1,5900.25,1,2,0,Potential Loyalists
CUST4236,74,1,3107.68,1,2,0,Potential Loyalists
CUST4239,74,1,3078.01,1,2,0,Potential Loyalists
CUST4240,74,1,1693.7,1,2,0,Potential Loyalists
CUST4244,74,1,4082.91,1,2,0,Potential Loyalists
CUST4249,73,1,1782.72,1,2,0,Potential Loyalists
CUST4250,73,1,4772.5,1,2,0,Potential Loyalists
CUST4251,73,1,1392.84,1,2,0,Potential Loyalists
CUST4253,73,1,3160.4,1,2,0,Potential Loyalists
CUST4254,73,1,2051.8,1,2,0,Potential Loyalists
CUST4256,73,1,1802.7,1,2,0,Potential Loyalists
CUST4258,73,1,2338.88,1,2,0,Potential Loyalists
CUST4259,73,1,3445.3899999999994,1,2,0,Potential Loyalists
CUST4260,73,1,1347.08,1,2,0,Potential Loyalists
CUST4261,73,1,2107.86,1,2,0,Potential Loyalists
CUST4262,73,1,7642.56,1,2,0,Potential Loyalists
CUST4263,73,1,1897.44,1,2,0,Potential Loyalists
CUST4265,73,1,4822.900000000001,1,2,0,Potential Loyalists
CUST4266,73,1,2361.06,1,2,0,Potential Loyalists
CUST4269,73,1,5206.04,1,2,0,Potential Loyalists
CUST4273,72,1,6533.009999999999,1,2,0,Potential Loyalists
CUST4274,72,1,2358.2,1,2,0,Potential Loyalists
CUST4275,72,1,1252.72,1,2,0,Potential Loyalists
CUST4276,72,1,2350.32,1,2,0,Potential Loyalists
CUST4278,72,1,5689.75,1,2,0,Potential Loyalists
CUST4279,72,1,4474.1,1,2,0,Potential Loyalists
CUST4281,72,1,5465.97,1,2,0,Potential Loyalists
CUST4282,72,1,4251.4800000000005,1,2,0,Potential Loyalists
CUST4284,72,1,3485.7000000000003,1,2,0,Potential Loyalists
CUST4289,72,1,3330.81,1,2,0,Potential Loyalists
CUST4290,72,1,2022.8,1,2,0,Potential Loyalists
CUST4291,72,1,5206.4,1,2,0,Potential Loyalists
CUST4293,72,1,2692.9,1,2,0,Potential Loyalists
CUST4294,72,1,2237.84,1,2,0,Potential Loyalists
CUST4298,71,1,5072.48,1,2,0,Potential Loyalists
CUST4299,71,1,7582.4400000000005,1,2,0,Potential Loyalists
CUST4302,71,1,3674.07,1,2,0,Potential Loyalists
CUST4303,71,1,7517.7,1,2,0,Potential Loyalists
CUST4305,71,1,6510.07,1,2,0,Potential Loyalists
CUST4308,71,1,2276.2799999999997,1,2,0,Potential Loyalists
CUST4310,71,1,3052.6,1,2,0,Potential Loyalists
CUST4312,71,1,2805.53,1,2,0,Potential Loyalists
CUST4313,71,1,1090.74,1,2,0,Potential Loyalists
CUST4315,71,1,4003.8999999999996,1,2,0,Potential Loyalists
CUST4317,71,1,4548.6,1,2,0,Potential Loyalists
CUST4319,71,1,3400.3199999999997,1,2,0,Potential Loyalists
CUST4321,70,1,3441.25,1,2,0,Potential Loyalists
CUST4323,70,1,7474.879999999999,1,2,0,Potential Loyalists
CUST4324,70,1,2596.32,1,2,0,Potential Loyalists
CUST4325,70,1,991.4399999999999,1,2,0,Potential Loyalists
CUST4329,70,1,1176.48,1,2,0,Potential Loyalists
CUST4331,70,1,5799.960000000001,1,2,0,Potential Loyalists
CUST4334,70,1,3026.88,1,2,0,Potential Loyalists
CUST4337,70,1,6561.36,1,2,0,Potential Loyalists
CUST4338,70,1,989.93,1,2,0,Potential Loyalists
CUST4340,70,1,2589.25,1,2,0,Potential Loyalists
CUST4341,70,1,1478.5500000000002,1,2,0,Potential Loyalists
CUST4342,70,1,2374.79,1,2,0,Potential Loyalists
CUST4343,70,1,3592.32,1,2,0,Potential Loyalists
CUST4344,69,1,804.92,1,2,0,Potential Loyalists
CUST4345,69,1,2662.2000000000003,1,2,0,Potential Loyalists
CUST4346,69,1,1366.6499999999999,1,2,0,Potential Loyalists
CUST4347,69,1,1532.28,1,2,0,Potential Loyalists
CUST4350,69,1,5894.16,1,2,0,Potential Loyalists
CUST4352,69,1,2074.98,1,2,0,Potential Loyalists
CUST4353,69,1,2593.2999999999997,1,2,0,Potential Loyalists
CUST4354,69,1,5157.28,1,2,0,Potential Loyalists
CUST4355,69,1,4188.3,1,2,0,Potential Loyalists
CUST4356,69,1,3000.08,1,2,0,Potential Loyalists
CUST4357,69,1,2899.69,1,2,0,Potential Loyalists
CUST4358,69,1,1226.84,1,2,0,Potential Loyalists
CUST4359,69,1,2418.79,1,2,0,Potential Loyalists
CUST4361,69,1,3670.61,1,2,0,Potential Loyalists
CUST4364,69,1,3568.8,1,2,0,Potential Loyalists
CUST4365,69,1,2070.45,1,2,0,Potential Loyalists
CUST4367,69,1,5752.53,1,2,0,Potential Loyalists
CUST4368,68,1,3706.74,1,2,0,Potential Loyalists
CUST4369,68,1,4423.2,1,2,0,Potential Loyalists
CUST4370,68,1,4967.52,1,2,0,Potential Loyalists
CUST4374,68,1,5107.900000000001,1,2,0,Potential Loyalists
CUST4375,68,1,2988.6000000000004,1,2,0,Potential Loyalists
CUST4376,68,1,213.74,1,2,0,Potential Loyalists
CUST4377,68,1,7233.66,1,2,0,Potential Loyalists
CUST4378,68,1,892.26,1,2,0,Potential Loyalists
CUST4380,68,1,6503.84,1,2,0,Potential Loyalists
CUST4381,68,1,1636.6499999999999,1,2,0,Potential Loyalists
CUST4383,68,1,3466.1000000000004,1,2,0,Potential Loyalists
CUST4384,68,1,1587.6,1,2,0,Potential Loyalists
CUST4386,68,1,3537.0,1,2,0,Potential Loyalists
CUST4391,68,1,6705.599999999999,1,2,0,Potential Loyalists
CUST4393,67,1,1396.08,1,2,0,Potential Loyalists
CUST4394,67,1,854.4,1,2,0,Potential Loyalists
CUST4396,67,1,347.52,1,2,0,Potential Loyalists
CUST4397,67,1,3649.28,1,2,0,Potential Loyalists
CUST4399,67,1,6709.92,1,2,0,Potential Loyalists
CUST4400,67,1,1898.5400000000002,1,2,0,Potential Loyalists
CUST4402,67,1,6391.4400000000005,1,2,0,Potential Loyalists
CUST4403,67,1,5169.44,1,2,0,Potential Loyalists
CUST4404,67,1,6917.13,1,2,0,Potential Loyalists
CUST4405,67,1,7917.300000000001,1,2,0,Potential Loyalists
CUST4406,67,1,298.8,1,2,0,Potential Loyalists
CUST4407,67,1,4430.34,1,2,0,Potential Loyalists
CUST4410,67,1,236.8,1,2,0,Potential Loyalists
CUST4411,67,1,3874.9800000000005,1,2,0,Potential Loyalists
CUST4412,67,1,7317.0,1,2,0,Potential Loyalists
CUST4413,67,1,1749.24,1,2,0,Potential Loyalists
CUST4414,67,1,2208.0,1,2,0,Potential Loyalists
CUST4415,67,1,2831.37,1,2,0,Potential Loyalists
CUST4416,66,1,2605.7,1,2,0,Potential Loyalists
CUST4417,66,1,816.5699999999999,1,2,0,Potential Loyalists
CUST4418,66,1,4837.4400000000005,1,2,0,Potential Loyalists
CUST4419,66,1,1155.44,1,2,0,Potential Loyalists
CUST4421,66,1,5575.08,1,2,0,Potential Loyalists
CUST4422,66,1,7574.06,1,2,0,Potential Loyalists
CUST4423,66,1,201.76,1,2,0,Potential Loyalists
CUST4424,66,1,2946.42,1,2,0,Potential Loyalists
CUST4427,66,1,705.08,1,2,0,Potential Loyalists
CUST4428,66,1,3546.27,1,2,0,Potential Loyalists
CUST4433,66,1,2012.85,1,2,0,Potential Loyalists
CUST4434,66,1,130.78,1,2,0,Potential Loyalists
CUST4435,66,1,1918.73,1,2,0,Potential Loyalists
CUST4436,66,1,2637.0,1,2,0,Potential Loyalists
CUST4438,66,1,2789.22,1,2,0,Potential Loyalists
CUST4440,65,1,1051.2,1,2,0,Potential Loyalists
CUST4441,65,1,1443.12,1,2,0,Potential Loyalists
CUST4442,65,1,399.67,1,2,0,Potential Loyalists
CUST4443,65,1,3880.58,1,2,0,Potential Loyalists
CUST4444,65,1,3931.0199999999995,1,2,0,Potential Loyalists
CUST4445,65,1,7859.34,1,2,0,Potential Loyalists
CUST4446,65,1,1692.54,1,2,0,Potential Loyalists
CUST4447,65,1,1852.4,1,2,0,Potential Loyalists
CUST4448,65,1,6370.88,1,2,0,Potential Loyalists
CUST4449,65,1,5395.41,1,2,0,Potential Loyalists
CUST4450,65,1,4955.67,1,2,0,Potential Loyalists
CUST4451,65,1,2455.95,1,2,0,Potential Loyalists
CUST4452,65,1,631.5999999999999,1,2,0,Potential Loyalists
CUST4454,65,1,6187.04,1,2,0,Potential Loyalists
CUST4455,65,1,965.1,1,2,0,Potential Loyalists
CUST4457,65,1,379.16,1,2,0,Potential Loyalists
CUST4458,65,1,85.05,1,2,0,Potential Loyalists
CUST4459,65,1,884.66,1,2,0,Potential Loyalists
CUST4460,65,1,877.12,1,2,0,Potential Loyalists
CUST4461,65,1,61.72,1,2,0,Potential Loyalists
CUST4462,65,1,5322.099999999999,1,2,0,Potential Loyalists
CUST4464,64,1,3729.3,1,2,0,Potential Loyalists
CUST4465,64,1,517.14,1,2,0,Potential Loyalists
CUST4467,64,1,4395.49,1,2,0,Potential Loyalists
CUST4468,64,1,5527.2,1,2,0,Potential Loyalists
CUST4470,64,1,7089.029999999999,1,2,0,Potential Loyalists
CUST4471,64,1,296.4,1,2,0,Potential Loyalists
CUST4472,64,1,2714.74,1,2,0,Potential Loyalists
CUST4473,64,1,3985.25,1,2,0,Potential Loyalists
CUST4474,64,1,2849.43,1,2,0,Potential Loyalists
CUST4475,64,1,2926.15,1,2,0,Potential Loyalists
CUST4476,64,1,7623.8,1,2,0,Potential Loyalists
CUST4477,64,1,7299.900000000001,1,2,0,Potential Loyalists
CUST4478,64,1,979.56,1,2,0,Potential Loyalists
CUST4479,64,1,948.2,1,2,0,Potential Loyalists
CUST4481,64,1,3242.91,1,2,0,Potential Loyalists
CUST4482,64,1,2022.3,1,2,0,Potential Loyalists
CUST4483,64,1,7497.6,1,2,0,Potential Loyalists
CUST4484,64,1,3117.92,1,2,0,Potential Loyalists
CUST4485,64,1,432.12,1,2,0,Potential Loyalists
CUST4486,64,1,4124.16,1,2,0,Potential Loyalists
CUST4487,64,1,2615.7599999999998,1,2,0,Potential Loyalists
CUST4490,63,1,1335.45,1,2,0,Potential Loyalists
CUST4491,63,1,3763.68,1,2,0,Potential Loyalists
CUST4492,63,1,692.2,1,2,0,Potential Loyalists
CUST4494,63,1,2495.25,1,2,0,Potential Loyalists
CUST4495,63,1,3237.0,1,2,0,Potential Loyalists
CUST4496,63,1,638.89,1,2,0,Potential Loyalists
CUST4497,63,1,7372.0,1,2,0,Potential Loyalists
CUST4498,63,1,1355.2,1,2,0,Potential Loyalists
CUST4499,63,1,119.9,1,2,0,Potential Loyalists
CUST4500,63,1,5800.96,1,2,0,Potential Loyalists
CUST4503,63,1,88.6,1,2,0,Potential Loyalists
CUST4504,63,1,708.11,1,2,0,Potential Loyalists
CUST4505,63,1,7033.0,1,2,0,Potential Loyalists
CUST4506,63,1,7083.049999999999,1,2,0,Potential Loyalists
CUST4507,63,1,926.64,1,2,0,Potential Loyalists
CUST4508,63,1,361.92,1,2,0,Potential Loyalists
CUST4509,63,1,6297.39,1,2,0,Potential Loyalists
CUST4512,62,1,5006.96,1,2,0,Potential Loyalists
CUST4513,62,1,7566.94,1,2,0,Potential Loyalists
CUST4514,62,1,340.88,1,2,0,Potential Loyalists
CUST4515,62,1,7477.650000000001,1,2,0,Potential Loyalists
CUST4517,62,1,2936.83,1,2,0,Potential Loyalists
CUST4519,62,1,5774.58,1,2,0,Potential Loyalists
CUST4520,62,1,6704.52,1,2,0,Potential Loyalists
CUST4521,62,1,509.28,1,2,0,Potential Loyalists
CUST4522,62,1,1894.4,1,2,0,Potential Loyalists
CUST4524,62,1,4993.5,1,2,0,Potential Loyalists
CUST4528,62,1,1354.56,1,2,0,Potential Loyalists
CUST4529,62,1,649.03,1,2,0,Potential Loyalists
CUST4531,62,1,2656.68,1,2,0,Potential Loyalists
CUST4532,62,1,5019.24,1,2,0,Potential Loyalists
CUST4535,62,1,2094.4,1,2,0,Potential Loyalists
CUST4537,61,1,9.21,1,2,0,Potential Loyalists
CUST4538,61,1,5360.25,1,2,0,Potential Loyalists
CUST4539,61,1,3175.47,1,2,0,Potential Loyalists
CUST4540,61,1,517.62,1,2,0,Potential Loyalists
CUST4541,61,1,2182.2,1,2,0,Potential Loyalists
CUST4542,61,1,3563.37,1,2,0,Potential Loyalists
CUST4545,61,1,1609.72,1,2,0,Potential Loyalists
CUST4546,61,1,1739.44,1,2,0,Potential Loyalists
CUST4547,61,1,3130.88,1,2,0,Potential Loyalists
CUST4548,61,1,2281.9,1,2,0,Potential Loyalists
CUST4549,61,1,2161.98,1,2,0,Potential Loyalists
CUST4550,61,1,847.2,1,2,0,Potential Loyalists
CUST4551,61,1,5795.92,1,2,0,Potential Loyalists
CUST4553,61,1,6580.459999999999,1,2,0,Potential Loyalists
CUST4554,61,1,6500.099999999999,1,2,0,Potential Loyalists
CUST4555,61,1,1771.86,1,2,0,Potential Loyalists
CUST4556,61,1,911.52,1,2,0,Potential Loyalists
CUST4559,61,1,998.64,1,2,0,Potential Loyalists
CUST4562,60,1,1012.08,1,2,0,Potential Loyalists
CUST4563,60,1,718.44,1,2,0,Potential Loyalists
CUST4565,60,1,7283.97,1,2,0,Potential Loyalists
CUST4566,60,1,3859.6,1,2,0,Potential Loyalists
CUST4568,60,1,2628.8,1,2,0,Potential Loyalists
CUST4570,60,1,4879.77,1,2,0,Potential Loyalists
CUST4571,60,1,2333.88,1,2,0,Potential Loyalists
CUST4572,60,1,4372.8,1,2,0,Potential Loyalists
CUST4573,60,1,5458.53,1,2,0,Potential Loyalists
CUST4574,60,1,1806.9299999999998,1,2,0,Potential Loyalists
CUST4575,60,1,2284.59,1,2,0,Potential Loyalists
CUST4577,60,1,7171.84,1,2,0,Potential Loyalists
CUST4578,60,1,2178.56,1,2,0,Potential Loyalists
CUST4580,60,1,2348.37,1,2,0,Potential Loyalists
CUST4581,60,1,1610.62,1,2,0,Potential Loyalists
CUST4582,60,1,5038.349999999999,1,2,0,Potential Loyalists
CUST4584,59,1,5883.639999999999,1,2,0,Potential Loyalists
CUST4588,59,1,3525.12,1,2,0,Potential Loyalists
CUST4589,59,1,561.45,1,2,0,Potential Loyalists
CUST4590,59,1,4155.75,1,2,0,Potential Loyalists
CUST4591,59,1,1213.74,1,2,0,Potential Loyalists
CUST4593,59,1,1291.59,1,2,0,Potential Loyalists
CUST4594,59,1,7457.92,1,2,0,Potential Loyalists
CUST4595,59,1,4527.15,1,2,0,Potential Loyalists
CUST4596,59,1,1299.32,1,2,0,Potential Loyalists
CUST4597,59,1,4111.5,1,2,0,Potential Loyalists
CUST4598,59,1,2713.8,1,2,0,Potential Loyalists
CUST4599,59,1,7367.799999999999,1,2,0,Potential Loyalists
CUST4600,59,1,5813.44,1,2,0,Potential Loyalists
CUST4601,59,1,5544.66,1,2,0,Potential Loyalists
CUST4602,59,1,6915.94,1,2,0,Potential Loyalists
CUST4603,59,1,6228.32,1,2,0,Potential Loyalists
CUST4604,59,1,1402.16,1,2,0,Potential Loyalists
CUST4605,59,1,498.78,1,2,0,Potential Loyalists
CUST4606,59,1,127.54,1,2,0,Potential Loyalists
CUST4608,58,1,7529.5,1,2,0,Potential Loyalists
CUST4611,58,1,4112.98,1,2,0,Potential Loyalists
CUST4612,58,1,4529.34,1,2,0,Potential Loyalists
CUST4613,58,1,552.86,1,2,0,Potential Loyalists
CUST4614,58,1,2462.96,1,2,0,Potential Loyalists
CUST4615,58,1,5924.6,1,2,0,Potential Loyalists
CUST4616,58,1,5863.34,1,2,0,Potential Loyalists
CUST4617,58,1,4663.7,1,2,0,Potential Loyalists
CUST4619,58,1,3548.4,1,2,0,Potential Loyalists
CUST4620,58,1,2889.54,1,2,0,Potential Loyalists
CUST4621,58,1,2107.92,1,2,0,Potential Loyalists
CUST4622,58,1,81.39,1,2,0,Potential Loyalists
CUST4624,58,1,298.74,1,2,0,Potential Loyalists
CUST4626,58,1,1313.0500000000002,1,2,0,Potential Loyalists
CUST4627,58,1,4865.8,1,2,0,Potential Loyalists
CUST4628,58,1,4699.45,1,2,0,Potential Loyalists
CUST4629,58,1,5570.39,1,2,0,Potential Loyalists
CUST4630,58,1,7108.64,1,2,0,Potential Loyalists
CUST4631,58,1,5470.0199999999995,1,2,0,Potential Loyalists
CUST4634,57,1,671.9399999999999,1,2,0,Potential Loyalists
CUST4635,57,1,146.6,1,2,0,Potential Loyalists
CUST4636,57,1,1115.06,1,2,0,Potential Loyalists
CUST4637,57,1,3158.52,1,2,0,Potential Loyalists
CUST4639,57,1,4092.84,1,2,0,Potential Loyalists
CUST4640,57,1,4771.469999999999,1,2,0,Potential Loyalists
CUST4643,57,1,5435.78,1,2,0,Potential Loyalists
CUST4644,57,1,5672.76,1,2,0,Potential Loyalists
CUST4646,57,1,2073.6000000000004,1,2,0,Potential Loyalists
CUST4648,57,1,755.76,1,2,0,Potential Loyalists
CUST4649,57,1,4417.08,1,2,0,Potential Loyalists
CUST4650,57,1,862.79,1,2,0,Potential Loyalists
CUST4651,57,1,2133.2400000000002,1,2,0,Potential Loyalists
CUST4652,57,1,3151.44,1,2,0,Potential Loyalists
CUST4654,57,1,6118.97,1,2,0,Potential Loyalists
CUST4656,56,1,6555.76,1,2,0,Potential Loyalists
CUST4657,56,1,1784.8500000000001,1,2,0,Potential Loyalists
CUST4658,56,1,3454.32,1,2,0,Potential Loyalists
CUST4660,56,1,1471.64,1,2,0,Potential Loyalists
CUST4661,56,1,68.24,1,2,0,Potential Loyalists
CUST4663,56,1,1152.75,1,2,0,Potential Loyalists
CUST4664,56,1,3995.12,1,2,0,Potential Loyalists
CUST4665,56,1,3148.3999999999996,1,2,0,Potential Loyalists
CUST4667,56,1,5708.4,1,2,0,Potential Loyalists
CUST4668,56,1,578.92,1,2,0,Potential Loyalists
CUST4671,56,1,1675.6499999999999,1,2,0,Potential Loyalists
CUST4672,56,1,2240.73,1,2,0,Potential Loyalists
CUST4673,56,1,2348.73,1,2,0,Potential Loyalists
CUST4674,56,1,158.04,1,2,0,Potential Loyalists
CUST4675,56,1,6448.200000000001,1,2,0,Potential Loyalists
CUST4676,56,1,4668.4,1,2,0,Potential Loyalists
CUST4677,56,1,5568.43,1,2,0,Potential Loyalists
CUST4678,56,1,4158.0,1,2,0,Potential Loyalists
CUST4679,56,1,3684.24,1,2,0,Potential Loyalists
CUST4680,55,1,92.99,1,2,0,Potential Loyalists
CUST4681,55,1,1512.2,1,2,0,Potential Loyalists
CUST4682,55,1,3760.32,1,2,0,Potential Loyalists
CUST4683,55,1,6947.7,1,2,0,Potential Loyalists
CUST4684,55,1,2457.0,1,2,0,Potential Loyalists
CUST4685,55,1,154.47,1,2,0,Potential Loyalists
CUST4686,55,1,464.26,1,2,0,Potential Loyalists
CUST4687,55,1,3475.0,1,2,0,Potential Loyalists
CUST4688,55,1,681.76,1,2,0,Potential Loyalists
CUST4689,55,1,205.7,1,2,0,Potential Loyalists
CUST4693,55,1,903.87,1,2,0,Potential Loyalists
CUST4694,55,1,2740.92,1,2,0,Potential Loyalists
CUST4695,55,1,621.93,1,2,0,Potential Loyalists
CUST4696,55,1,535.0,1,2,0,Potential Loyalists
CUST4697,55,1,3057.25,1,2,0,Potential Loyalists
CUST4698,55,1,3546.0,1,2,0,Potential Loyalists
CUST4699,55,1,2104.0,1,2,0,Potential Loyalists
CUST4700,55,1,6463.87,1,2,0,Potential Loyalists
CUST4701,55,1,1010.4,1,2,0,Potential Loyalists
CUST4704,54,1,4147.12,1,2,0,Potential Loyalists
CUST4706,54,1,1962.72,1,2,0,Potential Loyalists
CUST4707,54,1,5630.76,1,2,0,Potential Loyalists
CUST4708,54,1,2803.4300000000003,1,2,0,Potential Loyalists
CUST4710,54,1,6268.64,1,2,0,Potential Loyalists
CUST4712,54,1,6973.400000000001,1,2,0,Potential Loyalists
CUST4714,54,1,2962.4,1,2,0,Potential Loyalists
CUST4715,54,1,6712.72,1,2,0,Potential Loyalists
CUST4716,54,1,1056.48,1,2,0,Potential Loyalists
CUST4717,54,1,4144.2,1,2,0,Potential Loyalists
CUST4718,54,1,1998.04,1,2,0,Potential Loyalists
CUST4719,54,1,83.65,1,2,0,Potential Loyalists
CUST4720,54,1,551.4,1,2,0,Potential Loyalists
CUST4722,54,1,4870.2,1,2,0,Potential Loyalists
CUST4726,54,1,56.7,1,2,0,Potential Loyalists
CUST4727,54,1,836.27,1,2,0,Potential Loyalists
CUST4728,53,1,5667.72,1,2,0,Potential Loyalists
CUST4729,53,1,714.0999999999999,1,2,0,Potential Loyalists
CUST4732,53,1,7178.67,1,2,0,Potential Loyalists
CUST4733,53,1,358.92,1,2,0,Potential Loyalists
CUST4734,53,1,630.56,1,2,0,Potential Loyalists
CUST4735,53,1,5072.94,1,2,0,Potential Loyalists
CUST4737,53,1,294.75,1,2,0,Potential Loyalists
CUST4738,53,1,6171.06,1,2,0,Potential Loyalists
CUST4739,53,1,927.4100000000001,1,2,0,Potential Loyalists
CUST4740,53,1,2082.6,1,2,0,Potential Loyalists
CUST4741,53,1,6206.969999999999,1,2,0,Potential Loyalists
CUST4742,53,1,1317.0,1,2,0,Potential Loyalists
CUST4744,53,1,2085.96,1,2,0,Potential Loyalists
CUST4745,53,1,5028.75,1,2,0,Potential Loyalists
CUST4746,53,1,4993.8,1,2,0,Potential Loyalists
CUST4748,53,1,1311.1200000000001,1,2,0,Potential Loyalists
CUST4752,52,1,1992.32,1,2,0,Potential Loyalists
CUST4753,52,1,1188.75,1,2,0,Potential Loyalists
CUST4754,52,1,848.13,1,2,0,Potential Loyalists
CUST4755,52,1,192.28,1,2,0,Potential Loyalists
CUST4756,52,1,1180.2,1,2,0,Potential Loyalists
CUST4758,52,1,675.84,1,2,0,Potential Loyalists
CUST4759,52,1,1167.25,1,2,0,Potential Loyalists
CUST4760,52,1,4809.36,1,2,0,Potential Loyalists
CUST4761,52,1,1486.34,1,2,0,Potential Loyalists
CUST4762,52,1,573.24,1,2,0,Potential Loyalists
CUST4763,52,1,608.53,1,2,0,Potential Loyalists
CUST4764,52,1,2127.38,1,2,0,Potential Loyalists
CUST4765,52,1,402.78,1,2,0,Potential Loyalists
CUST4766,52,1,2894.04,1,2,0,Potential Loyalists
CUST4767,52,1,7025.92,1,2,0,Potential Loyalists
CUST4769,52,1,4876.759999999999,1,2,0,Potential Loyalists
CUST4770,52,1,105.89,1,2,0,Potential Loyalists
CUST4772,52,1,662.37,1,2,0,Potential Loyalists
CUST4773,52,1,965.8799999999999,1,2,0,Potential Loyalists
CUST4774,52,1,403.79999999999995,1,2,0,Potential Loyalists
CUST4775,52,1,1759.2900000000002,1,2,0,Potential Loyalists
CUST4776,51,1,589.66,1,2,0,Potential Loyalists
CUST4777,51,1,399.5,1,2,0,Potential Loyalists
CUST4781,51,1,828.9,1,2,0,Potential Loyalists
CUST4782,51,1,930.25,1,2,0,Potential Loyalists
CUST4783,51,1,195.85000000000002,1,2,0,Potential Loyalists
CUST4785,51,1,1571.3,1,2,0,Potential Loyalists
CUST4786,51,1,3524.35,1,2,0,Potential Loyalists
CUST4787,51,1,1278.18,1,2,0,Potential Loyalists
CUST4788,51,1,506.34,1,2,0,Potential Loyalists
CUST4789,51,1,2375.16,1,2,0,Potential Loyalists
CUST4791,51,1,6557.46,1,2,0,Potential Loyalists
CUST4792,51,1,2543.56,1,2,0,Potential Loyalists
CUST4793,51,1,4139.5,1,2,0,Potential Loyalists
CUST4794,51,1,3947.76,1,2,0,Potential Loyalists
CUST4795,51,1,2141.6,1,2,0,Potential Loyalists
CUST4796,51,1,2225.95,1,2,0,Potential Loyalists
CUST4797,51,1,1962.8999999999999,1,2,0,Potential Loyalists
CUST4800,50,1,2369.52,1,2,0,Potential Loyalists
CUST4801,50,1,1626.66,1,2,0,Potential Loyalists
CUST4802,50,1,3082.6400000000003,1,2,0,Potential Loyalists
CUST4803,50,1,1839.62,1,2,0,Potential Loyalists
CUST4804,50,1,4766.9400000000005,1,2,0,Potential Loyalists
CUST4806,50,1,998.84,1,2,0,Potential Loyalists
CUST4807,50,1,5159.11,1,2,0,Potential Loyalists
CUST4808,50,1,164.72,1,2,0,Potential Loyalists
CUST4809,50,1,1064.19,1,2,0,Potential Loyalists
CUST4810,50,1,1603.56,1,2,0,Potential Loyalists
CUST4811,50,1,6335.55,1,2,0,Potential Loyalists
CUST4812,50,1,2873.34,1,2,0,Potential Loyalists
CUST4813,50,1,1713.0,1,2,0,Potential Loyalists
CUST4815,50,1,3157.8799999999997,1,2,0,Potential Loyalists
CUST4816,50,1,2985.48,1,2,0,Potential Loyalists
CUST4817,50,1,6940.44,1,2,0,Potential Loyalists
CUST4818,50,1,4096.8,1,2,0,Potential Loyalists
CUST4820,50,1,1053.88,1,2,0,Potential Loyalists
CUST4821,50,1,424.4,1,2,0,Potential Loyalists
CUST4822,50,1,687.43,1,2,0,Potential Loyalists
CUST4824,49,1,4478.6,1,2,0,Potential Loyalists
CUST4827,49,1,3802.28,1,2,0,Potential Loyalists
CUST4828,49,1,1989.78,1,2,0,Potential Loyalists
CUST4829,49,1,4172.96,1,2,0,Potential Loyalists
CUST4831,49,1,253.43,1,2,0,Potential Loyalists
CUST4832,49,1,3592.92,1,2,0,Potential Loyalists
CUST4833,49,1,329.27,1,2,0,Potential Loyalists
CUST4834,49,1,1239.84,1,2,0,Potential Loyalists
CUST4836,49,1,4493.0,1,2,0,Potential Loyalists
CUST4837,49,1,3907.52,1,2,0,Potential Loyalists
CUST4838,49,1,6803.68,1,2,0,Potential Loyalists
CUST4839,49,1,1847.94,1,2,0,Potential Loyalists
CUST4840,49,1,3233.6000000000004,1,2,0,Potential Loyalists
CUST4842,49,1,6446.0,1,2,0,Potential Loyalists
CUST4846,49,1,2469.3900000000003,1,2,0,Potential Loyalists
CUST4847,49,1,303.99,1,2,0,Potential Loyalists
CUST4848,48,1,2269.44,1,2,0,Potential Loyalists
CUST4849,48,1,4190.9400000000005,1,2,0,Potential Loyalists
CUST4850,48,1,5996.24,1,2,0,Potential Loyalists
CUST4851,48,1,394.83000000000004,1,2,0,Potential Loyalists
CUST4852,48,1,6753.200000000001,1,2,0,Potential Loyalists
CUST4853,48,1,5853.200000000001,1,2,0,Potential Loyalists
CUST4854,48,1,1481.36,1,2,0,Potential Loyalists
CUST4855,48,1,2471.8199999999997,1,2,0,Potential Loyalists
CUST4856,48,1,4152.78,1,2,0,Potential Loyalists
CUST4857,48,1,1427.82,1,2,0,Potential Loyalists
CUST4858,48,1,2799.3,1,2,0,Potential Loyalists
CUST4860,48,1,153.15,1,2,0,Potential Loyalists
CUST4861,48,1,5844.8,1,2,0,Potential Loyalists
CUST4863,48,1,328.4,1,2,0,Potential Loyalists
CUST4864,48,1,1578.3899999999999,1,2,0,Potential Loyalists
CUST4865,48,1,752.8,1,2,0,Potential Loyalists
CUST4867,48,1,3578.5199999999995,1,2,0,Potential Loyalists
CUST4869,48,1,3945.48,1,2,0,Potential Loyalists
CUST4871,48,1,2444.58,1,2,0,Potential Loyalists
CUST4872,47,1,265.43,1,2,0,Potential Loyalists
CUST4874,47,1,3193.0199999999995,1,2,0,Potential Loyalists
CUST4877,47,1,1598.6000000000001,1,2,0,Potential Loyalists
CUST4878,47,1,5611.68,1,2,0,Potential Loyalists
CUST4879,47,1,517.34,1,2,0,Potential Loyalists
CUST4880,47,1,408.08,1,2,0,Potential Loyalists
CUST4881,47,1,101.07,1,2,0,Potential Loyalists
CUST4882,47,1,1730.8000000000002,1,2,0,Potential Loyalists
CUST4883,47,1,5857.67,1,2,0,Potential Loyalists
CUST4884,47,1,977.8,1,2,0,Potential Loyalists
CUST4885,47,1,4012.2000000000003,1,2,0,Potential Loyalists
CUST4886,47,1,1154.88,1,2,0,Potential Loyalists
CUST4888,47,1,7308.3,1,2,0,Potential Loyalists
CUST4889,47,1,6294.33,1,2,0,Potential Loyalists
CUST4890,47,1,3875.44,1,2,0,Potential Loyalists
CUST4891,47,1,3547.72,1,2,0,Potential Loyalists
CUST4892,47,1,6008.86,1,2,0,Potential Loyalists
CUST4895,47,1,4716.96,1,2,0,Potential Loyalists
CUST4896,46,1,1672.41,1,2,0,Potential Loyalists
CUST4898,46,1,2398.24,1,2,0,Potential Loyalists
CUST4900,46,1,6557.65,1,2,0,Potential Loyalists
CUST4901,46,1,168.2,1,2,0,Potential Loyalists
CUST4902,46,1,76.38,1,2,0,Potential Loyalists
CUST4903,46,1,7389.76,1,2,0,Potential Loyalists
CUST4905,46,1,7037.76,1,2,0,Potential Loyalists
CUST4906,46,1,2716.35,1,2,0,Potential Loyalists
CUST4907,46,1,7677.89,1,2,0,Potential Loyalists
CUST4908,46,1,5340.6,1,2,0,Potential Loyalists
CUST4909,46,1,447.9,1,2,0,Potential Loyalists
CUST4910,46,1,319.22,1,2,0,Potential Loyalists
CUST4911,46,1,870.46,1,2,0,Potential Loyalists
CUST4912,46,1,1608.76,1,2,0,Potential Loyalists
CUST4915,46,1,2923.0,1,2,0,Potential Loyalists
CUST4916,46,1,1145.69,1,2,0,Potential Loyalists
CUST4917,46,1,1372.26,1,2,0,Potential Loyalists
CUST4918,46,1,5698.740000000001,1,2,0,Potential Loyalists
CUST4920,45,1,1134.3000000000002,1,2,0,Potential Loyalists
CUST4922,45,1,4718.009999999999,1,2,0,Potential Loyalists
CUST4923,45,1,7259.04,1,2,0,Potential Loyalists
CUST4925,45,1,976.41,1,2,0,Potential Loyalists
CUST4926,45,1,3528.8,1,2,0,Potential Loyalists
CUST4929,45,1,6088.08,1,2,0,Potential Loyalists
CUST4930,45,1,7199.76,1,2,0,Potential Loyalists
CUST4931,45,1,1460.8500000000001,1,2,0,Potential Loyalists
CUST4932,45,1,4821.18,1,2,0,Potential Loyalists
CUST4933,45,1,5410.799999999999,1,2,0,Potential Loyalists
CUST4935,45,1,3797.6,1,2,0,Potential Loyalists
CUST4937,45,1,975.7,1,2,0,Potential Loyalists
CUST4938,45,1,4951.2,1,2,0,Potential Loyalists
CUST4939,45,1,6168.469999999999,1,2,0,Potential Loyalists
CUST4941,45,1,139.69,1,2,0,Potential Loyalists
CUST4943,45,1,1196.86,1,2,0,Potential Loyalists
CUST4944,44,1,183.52,1,2,0,Potential Loyalists
CUST4945,44,1,369.79,1,2,0,Potential Loyalists
CUST4946,44,1,7908.9,1,2,0,Potential Loyalists
CUST4948,44,1,1728.05,1,2,0,Potential Loyalists
CUST4949,44,1,114.1,1,2,0,Potential Loyalists
CUST4950,44,1,5287.7699999999995,1,2,0,Potential Loyalists
CUST4954,44,1,2052.4,1,2,0,Potential Loyalists
CUST4956,44,1,449.88,1,2,0,Potential Loyalists
CUST4958,44,1,7272.200000000001,1,2,0,Potential Loyalists
CUST4959,44,1,4352.53,1,2,0,Potential Loyalists
CUST4960,44,1,4771.26,1,2,0,Potential Loyalists
CUST4961,44,1,717.27,1,2,0,Potential Loyalists
CUST4964,44,1,6086.34,1,2,0,Potential Loyalists
CUST4965,44,1,287.25,1,2,0,Potential Loyalists
CUST4966,44,1,4728.7,1,2,0,Potential Loyalists
CUST4970,43,1,3073.86,1,2,0,Potential Loyalists
CUST4971,43,1,7727.88,1,2,0,Potential Loyalists
CUST4972,43,1,3896.92,1,2,0,Potential Loyalists
CUST4973,43,1,1236.84,1,2,0,Potential Loyalists
CUST4974,43,1,613.26,1,2,0,Potential Loyalists
CUST4976,43,1,586.32,1,2,0,Potential Loyalists
CUST4977,43,1,2969.2799999999997,1,2,0,Potential Loyalists
CUST4978,43,1,779.58,1,2,0,Potential Loyalists
CUST4979,43,1,2043.52,1,2,0,Potential Loyalists
CUST4981,43,1,857.8199999999999,1,2,0,Potential Loyalists
CUST4983,43,1,1289.61,1,2,0,Potential Loyalists
CUST4984,43,1,839.25,1,2,0,Potential Loyalists
CUST4985,43,1,2798.55,1,2,0,Potential Loyalists
CUST4986,43,1,6019.02,1,2,0,Potential Loyalists
CUST4987,43,1,974.3399999999999,1,2,0,Potential Loyalists
CUST4988,43,1,1536.6999999999998,1,2,0,Potential Loyalists
CUST4989,43,1,5749.92,1,2,0,Potential Loyalists
CUST4990,43,1,3933.7,1,2,0,Potential Loyalists
CUST4993,42,1,4523.82,1,2,0,Potential Loyalists
CUST4994,42,1,1353.69,1,2,0,Potential Loyalists
CUST4995,42,1,1246.88,1,2,0,Potential Loyalists
CUST4999,42,1,899.79,1,2,0,Potential Loyalists
CUST5000,42,1,1442.8,1,2,0,Potential Loyalists
CUST5001,42,1,6165.38,1,2,0,Potential Loyalists
CUST5002,42,1,5501.85,1,2,0,Potential Loyalists
CUST5004,42,1,4872.98,1,2,0,Potential Loyalists
CUST5005,42,1,680.6,1,2,0,Potential Loyalists
CUST5007,42,1,1572.92,1,2,0,Potential Loyalists
CUST5008,42,1,81.5,1,2,0,Potential Loyalists
CUST5009,42,1,3997.2000000000003,1,2,0,Potential Loyalists
CUST5011,42,1,1486.6,1,2,0,Potential Loyalists
CUST5012,42,1,2369.07,1,2,0,Potential Loyalists
CUST5013,42,1,30.03,1,2,0,Potential Loyalists
CUST5015,42,1,2160.16,1,2,0,Potential Loyalists
CUST5016,41,1,6967.04,1,2,0,Potential Loyalists
CUST5017,41,1,4531.45,1,2,0,Potential Loyalists
CUST5018,41,1,5560.68,1,2,0,Potential Loyalists
CUST5020,41,1,1324.22,1,2,0,Potential Loyalists
CUST5021,41,1,1311.2,1,2,0,Potential Loyalists
CUST5023,41,1,2499.3,1,2,0,Potential Loyalists
CUST5024,41,1,4108.8,1,2,0,Potential Loyalists
CUST5025,41,1,947.84,1,2,0,Potential Loyalists
CUST5026,41,1,6629.55,1,2,0,Potential Loyalists
CUST5027,41,1,6137.099999999999,1,2,0,Potential Loyalists
CUST5028,41,1,879.5999999999999,1,2,0,Potential Loyalists
CUST5030,41,1,4832.5,1,2,0,Potential Loyalists
CUST5031,41,1,2153.82,1,2,0,Potential Loyalists
CUST5032,41,1,2930.7,1,2,0,Potential Loyalists
CUST5033,41,1,661.4,1,2,0,Potential Loyalists
CUST5035,41,1,2392.38,1,2,0,Potential Loyalists
CUST5036,41,1,1197.0,1,2,0,Potential Loyalists
CUST5037,41,1,2353.39,1,2,0,Potential Loyalists
CUST5040,40,1,7625.200000000001,1,2,0,Potential Loyalists
CUST5042,40,1,2601.2,1,2,0,Potential Loyalists
CUST5045,40,1,615.25,1,2,0,Potential Loyalists
CUST5046,40,1,443.58,1,2,0,Potential Loyalists
CUST5048,40,1,422.1,1,2,0,Potential Loyalists
CUST5050,40,1,6406.2,1,2,0,Potential Loyalists
CUST5051,40,1,879.1500000000001,1,2,0,Potential Loyalists
CUST5052,40,1,1517.23,1,2,0,Potential Loyalists
CUST5053,40,1,7312.7699999999995,1,2,0,Potential Loyalists
CUST5054,40,1,627.88,1,2,0,Potential Loyalists
CUST5055,40,1,138.3,1,2,0,Potential Loyalists
CUST5056,40,1,4881.69,1,2,0,Potential Loyalists
CUST5057,40,1,5985.9,1,2,0,Potential Loyalists
CUST5058,40,1,5083.200000000001,1,2,0,Potential Loyalists
CUST5061,40,1,7575.12,1,2,0,Potential Loyalists
CUST5062,40,1,4968.18,1,2,0,Potential Loyalists
CUST5063,40,1,755.82,1,2,0,Potential Loyalists
CUST5064,39,1,1056.75,1,2,0,Potential Loyalists
CUST5067,39,1,3723.02,1,2,0,Potential Loyalists
CUST5068,39,1,3918.5299999999997,1,2,0,Potential Loyalists
CUST5069,39,1,3533.6400000000003,1,2,0,Potential Loyalists
CUST5070,39,1,7770.42,1,2,0,Potential Loyalists
CUST5071,39,1,2296.25,1,2,0,Potential Loyalists
CUST5073,39,1,4532.92,1,2,0,Potential Loyalists
CUST5074,39,1,3857.22,1,2,0,Potential Loyalists
CUST5075,39,1,2732.2200000000003,1,2,0,Potential Loyalists
CUST5076,39,1,1897.3799999999999,1,2,0,Potential Loyalists
CUST5077,39,1,3826.25,1,2,0,Potential Loyalists
CUST5079,39,1,4391.9,1,2,0,Potential Loyalists
CUST5081,39,1,1948.08,1,2,0,Potential Loyalists
CUST5082,39,1,682.2199999999999,1,2,0,Potential Loyalists
CUST5083,39,1,3128.85,1,2,0,Potential Loyalists
CUST5085,39,1,1757.04,1,2,0,Potential Loyalists
CUST5086,39,1,1613.04,1,2,0,Potential Loyalists
CUST5087,39,1,7699.160000000001,1,2,0,Potential Loyalists
CUST5088,38,1,4168.96,1,2,0,Potential Loyalists
CUST5089,38,1,1136.43,1,2,0,Potential Loyalists
CUST5090,38,1,6561.3,1,2,0,Potential Loyalists
CUST5092,38,1,5085.0,1,2,0,Potential Loyalists
CUST5093,38,1,7729.67,1,2,0,Potential Loyalists
CUST5095,38,1,2523.08,1,2,0,Potential Loyalists
CUST5096,38,1,6484.400000000001,1,2,0,Potential Loyalists
CUST5098,38,1,2929.2299999999996,1,2,0,Potential Loyalists
CUST5099,38,1,960.82,1,2,0,Potential Loyalists
CUST5101,38,1,60.87,1,2,0,Potential Loyalists
CUST5102,38,1,4047.25,1,2,0,Potential Loyalists
CUST5104,38,1,2995.36,1,2,0,Potential Loyalists
CUST5105,38,1,6610.68,1,2,0,Potential Loyalists
CUST5106,38,1,3437.17,1,2,0,Potential Loyalists
CUST5107,38,1,1912.56,1,2,0,Potential Loyalists
CUST5110,38,1,7158.78,1,2,0,Potential Loyalists
CUST5111,38,1,3920.2799999999997,1,2,0,Potential Loyalists
CUST5112,37,1,5475.1,1,2,0,Potential Loyalists
CUST5113,37,1,1840.77,1,2,0,Potential Loyalists
CUST5114,37,1,791.4000000000001,1,2,0,Potential Loyalists
CUST5115,37,1,3362.7999999999997,1,2,0,Potential Loyalists
CUST5116,37,1,2103.15,1,2,0,Potential Loyalists
CUST5117,37,1,2878.7400000000002,1,2,0,Potential Loyalists
CUST5118,37,1,1792.36,1,2,0,Potential Loyalists
CUST5120,37,1,135.21,1,2,0,Potential Loyalists
CUST5121,37,1,2389.92,1,2,0,Potential Loyalists
CUST5122,37,1,2477.15,1,2,0,Potential Loyalists
CUST5123,37,1,1360.1,1,2,0,Potential Loyalists
CUST5125,37,1,1390.26,1,2,0,Potential Loyalists
CUST5126,37,1,1842.6,1,2,0,Potential Loyalists
CUST5127,37,1,3678.29,1,2,0,Potential Loyalists
CUST5128,37,1,1479.18,1,2,0,Potential Loyalists
CUST5129,37,1,213.33,1,2,0,Potential Loyalists
CUST5131,37,1,1593.69,1,2,0,Potential Loyalists
CUST5132,37,1,1524.5099999999998,1,2,0,Potential Loyalists
CUST5133,37,1,3016.85,1,2,0,Potential Loyalists
CUST5137,36,1,3855.3900000000003,1,2,0,Potential Loyalists
CUST5138,36,1,682.2,1,2,0,Potential Loyalists
CUST5139,36,1,3224.6400000000003,1,2,0,Potential Loyalists
CUST5141,36,1,776.08,1,2,0,Potential Loyalists
CUST5142,36,1,5470.38,1,2,0,Potential Loyalists
CUST5143,36,1,4446.0,1,2,0,Potential Loyalists
CUST5145,36,1,564.51,1,2,0,Potential Loyalists
CUST5147,36,1,4206.23,1,2,0,Potential Loyalists
CUST5148,36,1,4664.65,1,2,0,Potential Loyalists
CUST5151,36,1,74.18,1,2,0,Potential Loyalists
CUST5152,36,1,3866.52,1,2,0,Potential Loyalists
CUST5153,36,1,126.15,1,2,0,Potential Loyalists
CUST5154,36,1,2033.33,1,2,0,Potential Loyalists
CUST5155,36,1,4181.5,1,2,0,Potential Loyalists
CUST5156,36,1,2490.72,1,2,0,Potential Loyalists
CUST5157,36,1,853.3,1,2,0,Potential Loyalists
CUST5158,36,1,305.83,1,2,0,Potential Loyalists
CUST5159,36,1,502.34,1,2,0,Potential Loyalists
CUST5160,35,1,291.32,1,2,0,Potential Loyalists
CUST5161,35,1,2341.5699999999997,1,2,0,Potential Loyalists
CUST5163,35,1,1852.08,1,2,0,Potential Loyalists
CUST5164,35,1,1472.88,1,2,0,Potential Loyalists
CUST5165,35,1,1121.28,1,2,0,Potential Loyalists
CUST5166,35,1,1790.6399999999999,1,2,0,Potential Loyalists
CUST5167,35,1,4743.6,1,2,0,Potential Loyalists
CUST5169,35,1,353.94,1,2,0,Potential Loyalists
CUST5170,35,1,3234.66,1,2,0,Potential Loyalists
CUST5171,35,1,3993.84,1,2,0,Potential Loyalists
CUST5172,35,1,5334.12,1,2,0,Potential Loyalists
CUST5173,35,1,2459.93,1,2,0,Potential Loyalists
CUST5174,35,1,6024.12,1,2,0,Potential Loyalists
CUST5175,35,1,7167.719999999999,1,2,0,Potential Loyalists
CUST5176,35,1,3309.54,1,2,0,Potential Loyalists
CUST5178,35,1,7242.9,1,2,0,Potential Loyalists
CUST5179,35,1,1491.0,1,2,0,Potential Loyalists
CUST5180,35,1,6579.81,1,2,0,Potential Loyalists
CUST5181,35,1,4335.68,1,2,0,Potential Loyalists
CUST5182,35,1,6876.98,1,2,0,Potential Loyalists
CUST5183,35,1,358.87,1,2,0,Potential Loyalists
CUST5184,34,1,2293.48,1,2,0,Potential Loyalists
CUST5185,34,1,3316.53,1,2,0,Potential Loyalists
CUST5188,34,1,4432.41,1,2,0,Potential Loyalists
CUST5189,34,1,1260.45,1,2,0,Potential Loyalists
CUST5190,34,1,3061.0,1,2,0,Potential Loyalists
CUST5191,34,1,241.74,1,2,0,Potential Loyalists
CUST5192,34,1,5039.06,1,2,0,Potential Loyalists
CUST5193,34,1,3001.56,1,2,0,Potential Loyalists
CUST5194,34,1,128.46,1,2,0,Potential Loyalists
CUST5196,34,1,656.62,1,2,0,Potential Loyalists
CUST5197,34,1,3353.04,1,2,0,Potential Loyalists
CUST5198,34,1,4039.2299999999996,1,2,0,Potential Loyalists
CUST5199,34,1,1552.88,1,2,0,Potential Loyalists
CUST5200,34,1,155.78,1,2,0,Potential Loyalists
CUST5203,34,1,535.0500000000001,1,2,0,Potential Loyalists
CUST5204,34,1,1127.6000000000001,1,2,0,Potential Loyalists
CUST5206,34,1,6022.53,1,2,0,Potential Loyalists
CUST5207,34,1,3122.56,1,2,0,Potential Loyalists
CUST5208,33,1,598.51,1,2,0,Potential Loyalists
CUST5209,33,1,1425.42,1,2,0,Potential Loyalists
CUST5210,33,1,1566.54,1,2,0,Potential Loyalists
CUST5211,33,1,4195.8,1,2,0,Potential Loyalists
CUST5212,33,1,1096.68,1,2,0,Potential Loyalists
CUST5213,33,1,2823.02,1,2,0,Potential Loyalists
CUST5215,33,1,1864.52,1,2,0,Potential Loyalists
CUST5216,33,1,1809.38,1,2,0,Potential Loyalists
CUST5217,33,1,7058.08,1,2,0,Potential Loyalists
CUST5218,33,1,6301.360000000001,1,2,0,Potential Loyalists
CUST5221,33,1,108.72,1,2,0,Potential Loyalists
CUST5222,33,1,6388.46,1,2,0,Potential Loyalists
CUST5224,33,1,5347.74,1,2,0,Potential Loyalists
CUST5225,33,1,1168.7,1,2,0,Potential Loyalists
CUST5226,33,1,866.6,1,2,0,Potential Loyalists
CUST5227,33,1,5631.54,1,2,0,Potential Loyalists
CUST5230,33,1,928.12,1,2,0,Potential Loyalists
CUST5231,33,1,4897.06,1,2,0,Potential Loyalists
CUST5232,32,1,1120.59,1,2,0,Potential Loyalists
CUST5233,32,1,4638.64,1,2,0,Potential Loyalists
CUST5235,32,1,258.1,1,2,0,Potential Loyalists
CUST5237,32,1,542.32,1,2,0,Potential Loyalists
CUST5242,32,1,5420.58,1,2,0,Potential Loyalists
CUST5243,32,1,3076.32,1,2,0,Potential Loyalists
CUST5244,32,1,3390.52,1,2,0,Potential Loyalists
CUST5246,32,1,425.11,1,2,0,Potential Loyalists
CUST5247,32,1,3528.0,1,2,0,Potential Loyalists
CUST5248,32,1,4871.88,1,2,0,Potential Loyalists
CUST5249,32,1,2830.1,1,2,0,Potential Loyalists
CUST5251,32,1,4872.17,1,2,0,Potential Loyalists
CUST5252,32,1,2493.7200000000003,1,2,0,Potential Loyalists
CUST5253,32,1,7339.129999999999,1,2,0,Potential Loyalists
CUST5254,32,1,7333.92,1,2,0,Potential Loyalists
CUST5255,32,1,7532.01,1,2,0,Potential Loyalists
CUST5256,31,1,6419.139999999999,1,2,0,Potential Loyalists
CUST5257,31,1,2044.93,1,2,0,Potential Loyalists
CUST5258,31,1,2032.29,1,2,0,Potential Loyalists
CUST5259,31,1,1620.1799999999998,1,2,0,Potential Loyalists
CUST5260,31,1,2812.0,1,2,0,Potential Loyalists
CUST5261,31,1,1453.76,1,2,0,Potential Loyalists
CUST5262,31,1,7019.299999999999,1,2,0,Potential Loyalists
CUST5263,31,1,3749.72,1,2,0,Potential Loyalists
CUST5265,31,1,7256.16,1,2,0,Potential Loyalists
CUST5266,31,1,404.95,1,2,0,Potential Loyalists
CUST5268,31,1,834.48,1,2,0,Potential Loyalists
CUST5269,31,1,876.16,1,2,0,Potential Loyalists
CUST5270,31,1,2861.04,1,2,0,Potential Loyalists
CUST5273,31,1,2968.32,1,2,0,Potential Loyalists
CUST5276,31,1,6785.13,1,2,0,Potential Loyalists
CUST5278,31,1,1164.2,1,2,0,Potential Loyalists
CUST5280,30,1,744.53,1,2,0,Potential Loyalists
CUST5281,30,1,511.68,1,2,0,Potential Loyalists
CUST5283,30,1,4658.22,1,2,0,Potential Loyalists
CUST5284,30,1,5617.82,1,2,0,Potential Loyalists
CUST5285,30,1,2171.6,1,2,0,Potential Loyalists
CUST5288,30,1,3339.0,1,2,0,Potential Loyalists
CUST5289,30,1,6219.72,1,2,0,Potential Loyalists
CUST5290,30,1,5941.32,1,2,0,Potential Loyalists
CUST5292,30,1,5563.93,1,2,0,Potential Loyalists
CUST5294,30,1,4935.97,1,2,0,Potential Loyalists
CUST5295,30,1,855.82,1,2,0,Potential Loyalists
CUST5296,30,1,662.21,1,2,0,Potential Loyalists
CUST5297,30,1,5831.139999999999,1,2,0,Potential Loyalists
CUST5298,30,1,279.71999999999997,1,2,0,Potential Loyalists
CUST5300,30,1,4964.9,1,2,0,Potential Loyalists
CUST5301,30,1,1061.38,1,2,0,Potential Loyalists
CUST5302,30,1,579.54,1,2,0,Potential Loyalists
CUST5303,30,1,2645.55,1,2,0,Potential Loyalists
CUST5304,29,1,1345.08,1,2,0,Potential Loyalists
CUST5307,29,1,2268.0,1,2,0,Potential Loyalists
CUST5309,29,1,2703.8,1,2,0,Potential Loyalists
CUST5310,29,1,819.12,1,2,0,Potential Loyalists
CUST5311,29,1,6450.6,1,2,0,Potential Loyalists
CUST5312,29,1,1335.92,1,2,0,Potential Loyalists
CUST5313,29,1,7164.81,1,2,0,Potential Loyalists
CUST5314,29,1,3005.0,1,2,0,Potential Loyalists
CUST5315,29,1,2809.2000000000003,1,2,0,Potential Loyalists
CUST5318,29,1,771.04,1,2,0,Potential Loyalists
CUST5320,29,1,6006.490000000001,1,2,0,Potential Loyalists
CUST5322,29,1,4988.06,1,2,0,Potential Loyalists
CUST5324,29,1,3106.2,1,2,0,Potential Loyalists
CUST5328,28,1,2755.56,1,2,0,Potential Loyalists
CUST5329,28,1,861.99,1,2,0,Potential Loyalists
CUST5330,28,1,2053.4,1,2,0,Potential Loyalists
CUST5331,28,1,1982.46,1,2,0,Potential Loyalists
CUST5332,28,1,2674.5,1,2,0,Potential Loyalists
CUST5333,28,1,615.84,1,2,0,Potential Loyalists
CUST5334,28,1,4399.68,1,2,0,Potential Loyalists
CUST5335,28,1,6199.38,1,2,0,Potential Loyalists
CUST5336,28,1,755.53,1,2,0,Potential Loyalists
CUST5337,28,1,6564.24,1,2,0,Potential Loyalists
CUST5338,28,1,1099.3799999999999,1,2,0,Potential Loyalists
CUST5340,28,1,2725.38,1,2,0,Potential Loyalists
CUST5343,28,1,6920.53,1,2,0,Potential Loyalists
CUST5344,28,1,5440.799999999999,1,2,0,Potential Loyalists
CUST5346,28,1,237.29999999999998,1,2,0,Potential Loyalists
CUST5347,28,1,2503.05,1,2,0,Potential Loyalists
CUST5348,28,1,1888.1999999999998,1,2,0,Potential Loyalists
CUST5350,28,1,526.58,1,2,0,Potential Loyalists
CUST5351,28,1,5730.62,1,2,0,Potential Loyalists
CUST5353,27,1,2632.0,1,2,0,Potential Loyalists
CUST5354,27,1,1315.78,1,2,0,Potential Loyalists
CUST5358,27,1,24.9,1,2,0,Potential Loyalists
CUST5360,27,1,70.81,1,2,0,Potential Loyalists
CUST5364,27,1,2505.66,1,2,0,Potential Loyalists
CUST5365,27,1,4665.45,1,2,0,Potential Loyalists
CUST5366,27,1,7134.599999999999,1,2,0,Potential Loyalists
CUST5367,27,1,4361.1,1,2,0,Potential Loyalists
CUST5372,27,1,4098.92,1,2,0,Potential Loyalists
CUST5374,27,1,1368.78,1,2,0,Potential Loyalists
CUST5375,27,1,3722.48,1,2,0,Potential Loyalists
CUST5377,26,1,3144.6,1,2,0,Potential Loyalists
CUST5378,26,1,2421.02,1,2,0,Potential Loyalists
CUST5379,26,1,2195.9,1,2,0,Potential Loyalists
CUST5380,26,1,2731.86,1,2,0,Potential Loyalists
CUST5382,26,1,5866.650000000001,1,2,0,Potential Loyalists
CUST5383,26,1,2729.32,1,2,0,Potential Loyalists
CUST5384,26,1,770.92,1,2,0,Potential Loyalists
CUST5385,26,1,1684.96,1,2,0,Potential Loyalists
CUST5386,26,1,677.8499999999999,1,2,0,Potential Loyalists
CUST5387,26,1,6183.539999999999,1,2,0,Potential Loyalists
CUST5388,26,1,1167.88,1,2,0,Potential Loyalists
CUST5389,26,1,4615.52,1,2,0,Potential Loyalists
CUST5390,26,1,5221.3,1,2,0,Potential Loyalists
CUST5391,26,1,3541.3999999999996,1,2,0,Potential Loyalists
CUST5392,26,1,457.04999999999995,1,2,0,Potential Loyalists
CUST5393,26,1,5263.2,1,2,0,Potential Loyalists
CUST5394,26,1,609.3,1,2,0,Potential Loyalists
CUST5395,26,1,264.44,1,2,0,Potential Loyalists
CUST5397,26,1,3697.0,1,2,0,Potential Loyalists
CUST5400,25,1,5116.96,1,2,0,Potential Loyalists
CUST5401,25,1,401.58,1,2,0,Potential Loyalists
CUST5403,25,1,2154.6,1,2,0,Potential Loyalists
CUST5405,25,1,2454.2,1,2,0,Potential Loyalists
CUST5406,25,1,1212.1,1,2,0,Potential Loyalists
CUST5407,25,1,402.39,1,2,0,Potential Loyalists
CUST5408,25,1,3628.4500000000003,1,2,0,Potential Loyalists
CUST5409,25,1,200.16,1,2,0,Potential Loyalists
CUST5410,25,1,1017.56,1,2,0,Potential Loyalists
CUST5411,25,1,426.08,1,2,0,Potential Loyalists
CUST5412,25,1,4900.93,1,2,0,Potential Loyalists
CUST5413,25,1,4152.55,1,2,0,Potential Loyalists
CUST5414,25,1,920.2,1,2,0,Potential Loyalists
CUST5416,25,1,172.32,1,2,0,Potential Loyalists
CUST5417,25,1,1033.1,1,2,0,Potential Loyalists
CUST5418,25,1,2079.88,1,2,0,Potential Loyalists
CUST5421,25,1,657.38,1,2,0,Potential Loyalists
CUST5422,25,1,1158.9,1,2,0,Potential Loyalists
CUST5423,25,1,6431.900000000001,1,2,0,Potential Loyalists
CUST5424,24,1,5532.8,1,2,0,Potential Loyalists
CUST5426,24,1,4184.599999999999,1,2,0,Potential Loyalists
CUST5427,24,1,1450.12,1,2,0,Potential Loyalists
CUST5428,24,1,1714.68,1,2,0,Potential Loyalists
CUST5430,24,1,1581.68,1,2,0,Potential Loyalists
CUST5431,24,1,6302.49,1,2,0,Potential Loyalists
CUST5433,24,1,3118.64,1,2,0,Potential Loyalists
CUST5434,24,1,2065.68,1,2,0,Potential Loyalists
CUST5435,24,1,5080.6,1,2,0,Potential Loyalists
CUST5436,24,1,3514.25,1,2,0,Potential Loyalists
CUST5438,24,1,1104.48,1,2,0,Potential Loyalists
CUST5441,24,1,775.71,1,2,0,Potential Loyalists
CUST5442,24,1,4490.08,1,2,0,Potential Loyalists
CUST5443,24,1,2871.3,1,2,0,Potential Loyalists
CUST5444,24,1,892.12,1,2,0,Potential Loyalists
CUST5445,24,1,496.0,1,2,0,Potential Loyalists
CUST5448,23,1,1562.54,1,2,0,Potential Loyalists
CUST5449,23,1,876.75,1,2,0,Potential Loyalists
CUST5450,23,1,1297.52,1,2,0,Potential Loyalists
CUST5454,23,1,4993.74,1,2,0,Potential Loyalists
CUST5455,23,1,1895.04,1,2,0,Potential Loyalists
CUST5456,23,1,9.58,1,2,0,Potential Loyalists
CUST5458,23,1,5791.719999999999,1,2,0,Potential Loyalists
CUST5459,23,1,4443.799999999999,1,2,0,Potential Loyalists
CUST5460,23,1,532.91,1,2,0,Potential Loyalists
CUST5461,23,1,386.64,1,2,0,Potential Loyalists
CUST5462,23,1,1117.55,1,2,0,Potential Loyalists
CUST5463,23,1,6115.75,1,2,0,Potential Loyalists
CUST5464,23,1,5750.76,1,2,0,Potential Loyalists
CUST5467,23,1,930.1200000000001,1,2,0,Potential Loyalists
CUST5468,23,1,765.8000000000001,1,2,0,Potential Loyalists
CUST5469,23,1,2357.52,1,2,0,Potential Loyalists
CUST5470,23,1,5416.74,1,2,0,Potential Loyalists
CUST5471,23,1,2006.19,1,2,0,Potential Loyalists
CUST5472,22,1,4571.9400000000005,1,2,0,Potential Loyalists
CUST5474,22,1,4899.84,1,2,0,Potential Loyalists
CUST5475,22,1,786.52,1,2,0,Potential Loyalists
CUST5476,22,1,5893.56,1,2,0,Potential Loyalists
CUST5477,22,1,2567.82,1,2,0,Potential Loyalists
CUST5480,22,1,6607.68,1,2,0,Potential Loyalists
CUST5481,22,1,2511.0,1,2,0,Potential Loyalists
CUST5483,22,1,64.32000000000001,1,2,0,Potential Loyalists
CUST5484,22,1,803.0,1,2,0,Potential Loyalists
CUST5485,22,1,4486.66,1,2,0,Potential Loyalists
CUST5487,22,1,5134.14,1,2,0,Potential Loyalists
CUST5488,22,1,1688.04,1,2,0,Potential Loyalists
CUST5489,22,1,3049.12,1,2,0,Potential Loyalists
CUST5492,22,1,2010.76,1,2,0,Potential Loyalists
CUST5495,22,1,4757.68,1,2,0,Potential Loyalists
CUST5496,21,1,934.7,1,2,0,Potential Loyalists
CUST5498,21,1,1128.9,1,2,0,Potential Loyalists
CUST5499,21,1,4562.030000000001,1,2,0,Potential Loyalists
CUST5500,21,1,1359.9,1,2,0,Potential Loyalists
CUST5501,21,1,115.98,1,2,0,Potential Loyalists
CUST5502,21,1,1314.54,1,2,0,Potential Loyalists
CUST5503,21,1,6222.81,1,2,0,Potential Loyalists
CUST5504,21,1,6860.2300000000005,1,2,0,Potential Loyalists
CUST5506,21,1,4695.84,1,2,0,Potential Loyalists
CUST5507,21,1,3140.6400000000003,1,2,0,Potential Loyalists
CUST5509,21,1,3028.48,1,2,0,Potential Loyalists
CUST5510,21,1,303.5,1,2,0,Potential Loyalists
CUST5511,21,1,1505.8,1,2,0,Potential Loyalists
CUST5512,21,1,472.76,1,2,0,Potential Loyalists
CUST5513,21,1,4865.84,1,2,0,Potential Loyalists
CUST5514,21,1,325.7,1,2,0,Potential Loyalists
CUST5515,21,1,6502.86,1,2,0,Potential Loyalists
CUST5516,21,1,2184.2,1,2,0,Potential Loyalists
CUST5517,21,1,2742.39,1,2,0,Potential Loyalists
CUST5518,21,1,2329.59,1,2,0,Potential Loyalists
CUST5522,20,1,6485.08,1,2,0,Potential Loyalists
CUST5524,20,1,3365.78,1,2,0,Potential Loyalists
CUST5525,20,1,5583.48,1,2,0,Potential Loyalists
CUST5526,20,1,3850.5,1,2,0,Potential Loyalists
CUST5527,20,1,5430.69,1,2,0,Potential Loyalists
CUST5528,20,1,1761.84,1,2,0,Potential Loyalists
CUST5532,20,1,504.15,1,2,0,Potential Loyalists
CUST5533,20,1,1268.4,1,2,0,Potential Loyalists
CUST5534,20,1,6339.960000000001,1,2,0,Potential Loyalists
CUST5535,20,1,4557.4,1,2,0,Potential Loyalists
CUST5536,20,1,745.47,1,2,0,Potential Loyalists
CUST5537,20,1,4101.0199999999995,1,2,0,Potential Loyalists
CUST5538,20,1,123.2,1,2,0,Potential Loyalists
CUST5539,20,1,359.12,1,2,0,Potential Loyalists
CUST5540,20,1,3028.8,1,2,0,Potential Loyalists
CUST5541,20,1,6818.53,1,2,0,Potential Loyalists
CUST5542,20,1,760.18,1,2,0,Potential Loyalists
CUST5543,20,1,2737.7000000000003,1,2,0,Potential Loyalists
CUST5544,19,1,6709.009999999999,1,2,0,Potential Loyalists
CUST5545,19,1,91.58,1,2,0,Potential Loyalists
CUST5546,19,1,3524.44,1,2,0,Potential Loyalists
CUST5548,19,1,3501.06,1,2,0,Potential Loyalists
CUST5549,19,1,629.47,1,2,0,Potential Loyalists
CUST5550,19,1,3613.8,1,2,0,Potential Loyalists
CUST5551,19,1,2172.75,1,2,0,Potential Loyalists
CUST5552,19,1,638.64,1,2,0,Potential Loyalists
CUST5553,19,1,771.36,1,2,0,Potential Loyalists
CUST5554,19,1,3954.6,1,2,0,Potential Loyalists
CUST5558,19,1,1313.76,1,2,0,Potential Loyalists
CUST5559,19,1,2240.28,1,2,0,Potential Loyalists
CUST5561,19,1,5128.200000000001,1,2,0,Potential Loyalists
CUST5562,19,1,5051.8,1,2,0,Potential Loyalists
CUST5563,19,1,2315.37,1,2,0,Potential Loyalists
CUST5564,19,1,918.4000000000001,1,2,0,Potential Loyalists
CUST5565,19,1,2667.16,1,2,0,Potential Loyalists
CUST5566,19,1,512.4,1,2,0,Potential Loyalists
CUST5567,19,1,3195.8999999999996,1,2,0,Potential Loyalists
CUST5568,18,1,1511.43,1,2,0,Potential Loyalists
CUST5571,18,1,966.0000000000001,1,2,0,Potential Loyalists
CUST5572,18,1,5980.8,1,2,0,Potential Loyalists
CUST5573,18,1,91.88,1,2,0,Potential Loyalists
CUST5575,18,1,4458.0,1,2,0,Potential Loyalists
CUST5577,18,1,346.68,1,2,0,Potential Loyalists
CUST5578,18,1,687.24,1,2,0,Potential Loyalists
CUST5580,18,1,5955.66,1,2,0,Potential Loyalists
CUST5581,18,1,2100.16,1,2,0,Potential Loyalists
CUST5584,18,1,506.35,1,2,0,Potential Loyalists
CUST5585,18,1,294.97,1,2,0,Potential Loyalists
CUST5586,18,1,1611.3600000000001,1,2,0,Potential Loyalists
CUST5587,18,1,3156.02,1,2,0,Potential Loyalists
CUST5588,18,1,6928.4,1,2,0,Potential Loyalists
CUST5589,18,1,1300.08,1,2,0,Potential Loyalists
CUST5590,18,1,2348.83,1,2,0,Potential Loyalists
CUST5592,17,1,2123.68,1,2,0,Potential Loyalists
CUST5593,17,1,642.77,1,2,0,Potential Loyalists
CUST5594,17,1,5132.56,1,2,0,Potential Loyalists
CUST5595,17,1,4639.68,1,2,0,Potential Loyalists
CUST5596,17,1,6379.92,1,2,0,Potential Loyalists
CUST5597,17,1,128.8,1,2,0,Potential Loyalists
CUST5601,17,1,2298.96,1,2,0,Potential Loyalists
CUST5604,17,1,4902.24,1,2,0,Potential Loyalists
CUST5605,17,1,774.54,1,2,0,Potential Loyalists
CUST5606,17,1,1770.5500000000002,1,2,0,Potential Loyalists
CUST5607,17,1,2621.63,1,2,0,Potential Loyalists
CUST5608,17,1,5820.62,1,2,0,Potential Loyalists
CUST5609,17,1,3893.2799999999997,1,2,0,Potential Loyalists
CUST5611,17,1,7010.460000000001,1,2,0,Potential Loyalists
CUST5612,17,1,522.62,1,2,0,Potential Loyalists
CUST5614,17,1,911.24,1,2,0,Potential Loyalists
CUST5615,17,1,1295.35,1,2,0,Potential Loyalists
CUST5616,16,1,3627.12,1,2,0,Potential Loyalists
CUST5617,16,1,2737.44,1,2,0,Potential Loyalists
CUST5618,16,1,344.64,1,2,0,Potential Loyalists
CUST5619,16,1,451.32,1,2,0,Potential Loyalists
CUST5620,16,1,1198.71,1,2,0,Potential Loyalists
CUST5624,16,1,6776.38,1,2,0,Potential Loyalists
CUST5625,16,1,757.8499999999999,1,2,0,Potential Loyalists
CUST5626,16,1,141.44,1,2,0,Potential Loyalists
CUST5627,16,1,1718.17,1,2,0,Potential Loyalists
CUST5628,16,1,966.32,1,2,0,Potential Loyalists
CUST5629,16,1,335.55,1,2,0,Potential Loyalists
CUST5630,16,1,1679.3000000000002,1,2,0,Potential Loyalists
CUST5631,16,1,1315.84,1,2,0,Potential Loyalists
CUST5633,16,1,1859.04,1,2,0,Potential Loyalists
CUST5634,16,1,925.1999999999999,1,2,0,Potential Loyalists
CUST5635,16,1,732.33,1,2,0,Potential Loyalists
CUST5636,16,1,4778.28,1,2,0,Potential Loyalists
CUST5637,16,1,3422.04,1,2,0,Potential Loyalists
CUST5638,16,1,2333.76,1,2,0,Potential Loyalists
CUST5640,15,1,5370.54,1,2,0,Potential Loyalists
CUST5641,15,1,2947.1,1,2,0,Potential Loyalists
CUST5642,15,1,3913.84,1,2,0,Potential Loyalists
CUST5643,15,1,969.24,1,2,0,Potential Loyalists
CUST5645,15,1,3643.4300000000003,1,2,0,Potential Loyalists
CUST5646,15,1,4015.89,1,2,0,Potential Loyalists
CUST5647,15,1,761.4,1,2,0,Potential Loyalists
CUST5648,15,1,3660.8,1,2,0,Potential Loyalists
CUST5649,15,1,5338.400000000001,1,2,0,Potential Loyalists
CUST5651,15,1,1527.3999999999999,1,2,0,Potential Loyalists
CUST5652,15,1,395.12,1,2,0,Potential Loyalists
CUST5656,15,1,6558.4,1,2,0,Potential Loyalists
CUST5657,15,1,222.66,1,2,0,Potential Loyalists
CUST5658,15,1,2904.72,1,2,0,Potential Loyalists
CUST5659,15,1,446.61,1,2,0,Potential Loyalists
CUST5660,15,1,1268.0,1,2,0,Potential Loyalists
CUST5661,15,1,3174.2999999999997,1,2,0,Potential Loyalists
CUST5662,15,1,3036.3999999999996,1,2,0,Potential Loyalists
CUST5664,14,1,340.45,1,2,0,Potential Loyalists
CUST5665,14,1,685.14,1,2,0,Potential Loyalists
CUST5666,14,1,3962.55,1,2,0,Potential Loyalists
CUST5667,14,1,1361.36,1,2,0,Potential Loyalists
CUST5669,14,1,3864.66,1,2,0,Potential Loyalists
CUST5671,14,1,552.1,1,2,0,Potential Loyalists
CUST5672,14,1,2337.42,1,2,0,Potential Loyalists
CUST5675,14,1,3301.98,1,2,0,Potential Loyalists
CUST5676,14,1,257.4,1,2,0,Potential Loyalists
CUST5677,14,1,6277.200000000001,1,2,0,Potential Loyalists
CUST5678,14,1,1952.16,1,2,0,Potential Loyalists
CUST5680,14,1,2193.84,1,2,0,Potential Loyalists
CUST5681,14,1,2205.9,1,2,0,Potential Loyalists
CUST5682,14,1,862.1999999999999,1,2,0,Potential Loyalists
CUST5684,14,1,5055.400000000001,1,2,0,Potential Loyalists
CUST5685,14,1,332.15999999999997,1,2,0,Potential Loyalists
CUST5686,14,1,1253.14,1,2,0,Potential Loyalists
CUST5688,13,1,536.9,1,2,0,Potential Loyalists
CUST5689,13,1,4670.64,1,2,0,Potential Loyalists
CUST5691,13,1,3153.8999999999996,1,2,0,Potential Loyalists
CUST5692,13,1,4490.35,1,2,0,Potential Loyalists
CUST5694,13,1,2826.54,1,2,0,Potential Loyalists
CUST5697,13,1,1521.04,1,2,0,Potential Loyalists
CUST5698,13,1,1881.0500000000002,1,2,0,Potential Loyalists
CUST5699,13,1,5929.43,1,2,0,Potential Loyalists
CUST5701,13,1,127.51,1,2,0,Potential Loyalists
CUST5702,13,1,93.24,1,2,0,Potential Loyalists
CUST5703,13,1,3553.32,1,2,0,Potential Loyalists
CUST5704,13,1,4950.72,1,2,0,Potential Loyalists
CUST5705,13,1,5495.34,1,2,0,Potential Loyalists
CUST5706,13,1,1438.98,1,2,0,Potential Loyalists
CUST5707,13,1,202.64,1,2,0,Potential Loyalists
CUST5708,13,1,850.52,1,2,0,Potential Loyalists
CUST5709,13,1,5568.450000000001,1,2,0,Potential Loyalists
CUST5710,13,1,512.6,1,2,0,Potential Loyalists
CUST5711,13,1,226.12,1,2,0,Potential Loyalists
CUST5713,12,1,193.36,1,2,0,Potential Loyalists
CUST5714,12,1,1211.6399999999999,1,2,0,Potential Loyalists
CUST5716,12,1,6319.61,1,2,0,Potential Loyalists
CUST5717,12,1,1907.01,1,2,0,Potential Loyalists
CUST5719,12,1,273.83,1,2,0,Potential Loyalists
CUST5723,12,1,715.27,1,2,0,Potential Loyalists
CUST5725,12,1,441.92,1,2,0,Potential Loyalists
CUST5727,12,1,3395.61,1,2,0,Potential Loyalists
CUST5728,12,1,2076.75,1,2,0,Potential Loyalists
CUST5729,12,1,1153.52,1,2,0,Potential Loyalists
CUST5730,12,1,2480.94,1,2,0,Potential Loyalists
CUST5732,12,1,2278.75,1,2,0,Potential Loyalists
CUST5733,12,1,304.40999999999997,1,2,0,Potential Loyalists
CUST5734,12,1,1572.66,1,2,0,Potential Loyalists
CUST5735,12,1,455.6,1,2,0,Potential Loyalists
CUST5736,11,1,2035.5,1,2,0,Potential Loyalists
CUST5737,11,1,410.18,1,2,0,Potential Loyalists
CUST5738,11,1,3113.12,1,2,0,Potential Loyalists
CUST5739,11,1,5750.72,1,2,0,Potential Loyalists
CUST5740,11,1,2189.1800000000003,1,2,0,Potential Loyalists
CUST5741,11,1,799.8,1,2,0,Potential Loyalists
CUST5742,11,1,3408.16,1,2,0,Potential Loyalists
CUST5743,11,1,6973.92,1,2,0,Potential Loyalists
CUST5745,11,1,1329.4,1,2,0,Potential Loyalists
CUST5746,11,1,5995.990000000001,1,2,0,Potential Loyalists
CUST5748,11,1,3122.7,1,2,0,Potential Loyalists
CUST5749,11,1,966.4,1,2,0,Potential Loyalists
CUST5750,11,1,1621.0700000000002,1,2,0,Potential Loyalists
CUST5753,11,1,2477.07,1,2,0,Potential Loyalists
CUST5754,11,1,733.29,1,2,0,Potential Loyalists
CUST5755,11,1,63.17999999999999,1,2,0,Potential Loyalists
CUST5756,11,1,753.86,1,2,0,Potential Loyalists
CUST5757,11,1,5624.08,1,2,0,Potential Loyalists
CUST5759,11,1,64.14,1,2,0,Potential Loyalists
CUST5760,10,1,2059.45,1,2,0,Potential Loyalists
CUST5761,10,1,6898.08,1,2,0,Potential Loyalists
CUST5762,10,1,1434.32,1,2,0,Potential Loyalists
CUST5763,10,1,6672.8,1,2,0,Potential Loyalists
CUST5764,10,1,1663.2,1,2,0,Potential Loyalists
CUST5767,10,1,4587.200000000001,1,2,0,Potential Loyalists
CUST5768,10,1,1834.2,1,2,0,Potential Loyalists
CUST5769,10,1,4258.5,1,2,0,Potential Loyalists
CUST5770,10,1,4307.76,1,2,0,Potential Loyalists
CUST5771,10,1,28.74,1,2,0,Potential Loyalists
CUST5772,10,1,255.42,1,2,0,Potential Loyalists
CUST5773,10,1,65.28,1,2,0,Potential Loyalists
CUST5774,10,1,1861.02,1,2,0,Potential Loyalists
CUST5775,10,1,477.53999999999996,1,2,0,Potential Loyalists
CUST5777,10,1,3273.04,1,2,0,Potential Loyalists
CUST5778,10,1,3326.44,1,2,0,Potential Loyalists
CUST5779,10,1,5932.5,1,2,0,Potential Loyalists
CUST5780,10,1,1902.96,1,2,0,Potential Loyalists
CUST5781,10,1,4272.71,1,2,0,Potential Loyalists
CUST5782,10,1,3418.62,1,2,0,Potential Loyalists
CUST5783,10,1,4652.04,1,2,0,Potential Loyalists
CUST5784,9,1,1597.54,1,2,0,Potential Loyalists
CUST5787,9,1,7567.4,1,2,0,Potential Loyalists
CUST5788,9,1,270.0,1,2,0,Potential Loyalists
CUST5789,9,1,623.98,1,2,0,Potential Loyalists
CUST5790,9,1,616.24,1,2,0,Potential Loyalists
CUST5791,9,1,3542.24,1,2,0,Potential Loyalists
CUST5792,9,1,192.20999999999998,1,2,0,Potential Loyalists
CUST5793,9,1,4904.13,1,2,0,Potential Loyalists
CUST5794,9,1,498.92,1,2,0,Potential Loyalists
CUST5795,9,1,3934.62,1,2,0,Potential Loyalists
CUST5796,9,1,1209.72,1,2,0,Potential Loyalists
CUST5797,9,1,7122.08,1,2,0,Potential Loyalists
CUST5798,9,1,2689.68,1,2,0,Potential Loyalists
CUST5800,9,1,1929.2000000000003,1,2,0,Potential Loyalists
CUST5801,9,1,7087.04,1,2,0,Potential Loyalists
CUST5803,9,1,1987.74,1,2,0,Potential Loyalists
CUST5804,9,1,4927.200000000001,1,2,0,Potential Loyalists
CUST5805,9,1,3499.12,1,2,0,Potential Loyalists
CUST5807,9,1,1395.16,1,2,0,Potential Loyalists
CUST5810,8,1,1333.29,1,2,0,Potential Loyalists
CUST5811,8,1,7487.19,1,2,0,Potential Loyalists
CUST5813,8,1,5861.88,1,2,0,Potential Loyalists
CUST5814,8,1,6009.38,1,2,0,Potential Loyalists
CUST5815,8,1,4120.5,1,2,0,Potential Loyalists
CUST5816,8,1,3509.46,1,2,0,Potential Loyalists
CUST5817,8,1,549.86,1,2,0,Potential Loyalists
CUST5819,8,1,3682.3700000000003,1,2,0,Potential Loyalists
CUST5820,8,1,5066.4,1,2,0,Potential Loyalists
CUST5821,8,1,2525.4,1,2,0,Potential Loyalists
CUST5822,8,1,7246.4400000000005,1,2,0,Potential Loyalists
CUST5823,8,1,1141.3,1,2,0,Potential Loyalists
CUST5827,8,1,4402.95,1,2,0,Potential Loyalists
CUST5828,8,1,3733.9800000000005,1,2,0,Potential Loyalists
CUST5829,8,1,1024.08,1,2,0,Potential Loyalists
CUST5831,8,1,501.98,1,2,0,Potential Loyalists
CUST5832,7,1,372.13,1,2,0,Potential Loyalists
CUST5833,7,1,532.08,1,2,0,Potential Loyalists
CUST5834,7,1,1615.02,1,2,0,Potential Loyalists
CUST5836,7,1,997.6800000000001,1,2,0,Potential Loyalists
CUST5838,7,1,7524.71,1,2,0,Potential Loyalists
CUST5839,7,1,859.25,1,2,0,Potential Loyalists
CUST5841,7,1,3660.8,1,2,0,Potential Loyalists
CUST5842,7,1,966.8100000000001,1,2,0,Potential Loyalists
CUST5844,7,1,5643.3,1,2,0,Potential Loyalists
CUST5846,7,1,148.2,1,2,0,Potential Loyalists
CUST5847,7,1,4992.8,1,2,0,Potential Loyalists
CUST5848,7,1,2485.42,1,2,0,Potential Loyalists
CUST5849,7,1,111.19999999999999,1,2,0,Potential Loyalists
CUST5850,7,1,7161.67,1,2,0,Potential Loyalists
CUST5852,7,1,4932.5,1,2,0,Potential Loyalists
CUST5853,7,1,771.0999999999999,1,2,0,Potential Loyalists
CUST5854,7,1,6721.4,1,2,0,Potential Loyalists
CUST5857,6,1,1278.15,1,2,0,Potential Loyalists
CUST5858,6,1,941.3299999999999,1,2,0,Potential Loyalists
CUST5859,6,1,1863.03,1,2,0,Potential Loyalists
CUST5860,6,1,6123.37,1,2,0,Potential Loyalists
CUST5861,6,1,1775.29,1,2,0,Potential Loyalists
CUST5862,6,1,6880.16,1,2,0,Potential Loyalists
CUST5863,6,1,4577.1,1,2,0,Potential Loyalists
CUST5864,6,1,816.97,1,2,0,Potential Loyalists
CUST5865,6,1,1960.0,1,2,0,Potential Loyalists
CUST5866,6,1,375.45,1,2,0,Potential Loyalists
CUST5867,6,1,31.56,1,2,0,Potential Loyalists
CUST5868,6,1,4898.32,1,2,0,Potential Loyalists
CUST5869,6,1,6581.5,1,2,0,Potential Loyalists
CUST5870,6,1,2964.4,1,2,0,Potential Loyalists
CUST5871,6,1,5743.38,1,2,0,Potential Loyalists
CUST5872,6,1,4648.48,1,2,0,Potential Loyalists
CUST5874,6,1,2744.8,1,2,0,Potential Loyalists
CUST5875,6,1,3867.44,1,2,0,Potential Loyalists
CUST5876,6,1,2230.24,1,2,0,Potential Loyalists
CUST5877,6,1,3188.76,1,2,0,Potential Loyalists
CUST5878,6,1,3860.5199999999995,1,2,0,Potential Loyalists
CUST5879,6,1,309.54,1,2,0,Potential Loyalists
CUST5880,5,1,6262.48,1,2,0,Potential Loyalists
CUST5882,5,1,5934.96,1,2,0,Potential Loyalists
CUST5883,5,1,1510.76,1,2,0,Potential Loyalists
CUST5884,5,1,1932.77,1,2,0,Potential Loyalists
CUST5885,5,1,6264.860000000001,1,2,0,Potential Loyalists
CUST5886,5,1,3774.17,1,2,0,Potential Loyalists
CUST5887,5,1,5256.09,1,2,0,Potential Loyalists
CUST5888,5,1,1632.44,1,2,0,Potential Loyalists
CUST5889,5,1,2237.4,1,2,0,Potential Loyalists
CUST5890,5,1,4749.3,1,2,0,Potential Loyalists
CUST5892,5,1,4833.84,1,2,0,Potential Loyalists
CUST5893,5,1,871.08,1,2,0,Potential Loyalists
CUST5894,5,1,1998.96,1,2,0,Potential Loyalists
CUST5895,5,1,4778.88,1,2,0,Potential Loyalists
CUST5896,5,1,3560.99,1,2,0,Potential Loyalists
CUST5897,5,1,2296.8,1,2,0,Potential Loyalists
CUST5898,5,1,1044.6,1,2,0,Potential Loyalists
CUST5899,5,1,6800.8,1,2,0,Potential Loyalists
CUST5900,5,1,7446.68,1,2,0,Potential Loyalists
CUST5902,5,1,3421.0,1,2,0,Potential Loyalists
CUST5903,5,1,315.14000000000004,1,2,0,Potential Loyalists
CUST5904,4,1,1908.6,1,2,0,Potential Loyalists
CUST5905,4,1,4118.8,1,2,0,Potential Loyalists
CUST5906,4,1,5685.44,1,2,0,Potential Loyalists
CUST5907,4,1,1904.08,1,2,0,Potential Loyalists
CUST5908,4,1,4432.75,1,2,0,Potential Loyalists
CUST5909,4,1,2070.55,1,2,0,Potential Loyalists
CUST5910,4,1,687.68,1,2,0,Potential Loyalists
CUST5913,4,1,446.4,1,2,0,Potential Loyalists
CUST5914,4,1,563.6,1,2,0,Potential Loyalists
CUST5915,4,1,5341.09,1,2,0,Potential Loyalists
CUST5918,4,1,915.29,1,2,0,Potential Loyalists
CUST5919,4,1,2418.65,1,2,0,Potential Loyalists
CUST5920,4,1,5006.67,1,2,0,Potential Loyalists
CUST5921,4,1,3762.7799999999997,1,2,0,Potential Loyalists
CUST5922,4,1,2429.3999999999996,1,2,0,Potential Loyalists
CUST5923,4,1,4203.9800000000005,1,2,0,Potential Loyalists
CUST5924,4,1,720.94,1,2,0,Potential Loyalists
CUST5925,4,1,3301.72,1,2,0,Potential Loyalists
CUST5926,4,1,1858.35,1,2,0,Potential Loyalists
CUST5927,4,1,6115.32,1,2,0,Potential Loyalists
CUST5928,3,1,951.84,1,2,0,Potential Loyalists
CUST5929,3,1,4905.34,1,2,0,Potential Loyalists
CUST5930,3,1,653.86,1,2,0,Potential Loyalists
CUST5932,3,1,1252.3500000000001,1,2,0,Potential Loyalists
CUST5935,3,1,1519.24,1,2,0,Potential Loyalists
CUST5936,3,1,1045.47,1,2,0,Potential Loyalists
CUST5937,3,1,121.44999999999999,1,2,0,Potential Loyalists
CUST5939,3,1,4926.6,1,2,0,Potential Loyalists
CUST5940,3,1,1143.66,1,2,0,Potential Loyalists
CUST5941,3,1,226.3,1,2,0,Potential Loyalists
CUST5942,3,1,298.58,1,2,0,Potential Loyalists
CUST5943,3,1,1333.76,1,2,0,Potential Loyalists
CUST5944,3,1,6970.950000000001,1,2,0,Potential Loyalists
CUST5945,3,1,604.73,1,2,0,Potential Loyalists
CUST5946,3,1,2698.56,1,2,0,Potential Loyalists
CUST5947,3,1,1628.8200000000002,1,2,0,Potential Loyalists
CUST5948,3,1,2582.4799999999996,1,2,0,Potential Loyalists
CUST5950,3,1,135.04,1,2,0,Potential Loyalists
CUST5951,3,1,4283.639999999999,1,2,0,Potential Loyalists
CUST5952,2,1,1901.34,1,2,0,Potential Loyalists
CUST5955,2,1,5890.92,1,2,0,Potential Loyalists
CUST5956,2,1,6797.3,1,2,0,Potential Loyalists
CUST5957,2,1,1329.09,1,2,0,Potential Loyalists
CUST5958,2,1,2025.8000000000002,1,2,0,Potential Loyalists
CUST5960,2,1,6026.4,1,2,0,Potential Loyalists
CUST5961,2,1,3036.3700000000003,1,2,0,Potential Loyalists
CUST5963,2,1,473.48,1,2,0,Potential Loyalists
CUST5964,2,1,5514.9,1,2,0,Potential Loyalists
CUST5965,2,1,690.32,1,2,0,Potential Loyalists
CUST5966,2,1,5647.2,1,2,0,Potential Loyalists
CUST5967,2,1,1304.6,1,2,0,Potential Loyalists
CUST5968,2,1,5985.700000000001,1,2,0,Potential Loyalists
CUST5969,2,1,3784.32,1,2,0,Potential Loyalists
CUST5971,2,1,2941.64,1,2,0,Potential Loyalists
CUST5973,2,1,136.92000000000002,1,2,0,Potential Loyalists
CUST5974,2,1,2101.44,1,2,0,Potential Loyalists
CUST5976,1,1,2136.8,1,2,0,Potential Loyalists
CUST5978,1,1,4222.14,1,2,0,Potential Loyalists
CUST5979,1,1,6239.07,1,2,0,Potential Loyalists
CUST5980,1,1,3184.64,1,2,0,Potential Loyalists
CUST5982,1,1,791.4000000000001,1,2,0,Potential Loyalists
CUST5983,1,1,6222.37,1,2,0,Potential Loyalists
CUST5984,1,1,728.63,1,2,0,Potential Loyalists
CUST5985,1,1,2217.48,1,2,0,Potential Loyalists
CUST5986,1,1,289.5,1,2,0,Potential Loyalists
CUST5987,1,1,841.87,1,2,0,Potential Loyalists
CUST5988,1,1,4081.2000000000003,1,2,0,Potential Loyalists
CUST5989,1,1,1052.8,1,2,0,Potential Loyalists
CUST5990,1,1,7415.800000000001,1,2,0,Potential Loyalists
CUST5993,1,1,1601.6399999999999,1,2,0,Potential Loyalists
CUST5994,1,1,305.33,1,2,0,Potential Loyalists
CUST5996,1,1,6851.12,1,2,0,Potential Loyalists
CUST5997,1,1,6680.03,1,2,0,Potential Loyalists
